date,open,high,low,volume,close
2020-03-09,10742.0498046875,10751.5498046875,10294.4501953125,1565500.0,10451.4501953125
2020-03-11,10334.2998046875,10545.099609375,10334.0,1218500.0,10458.400390625
2020-03-12,10039.9501953125,10040.75,9508.0,1343500.0,9590.150390625
2020-03-13,9107.599609375,10159.400390625,8555.150390625,1388000.0,9955.2001953125
2020-03-16,9587.7998046875,9602.2001953125,9165.099609375,897700.0,9197.400390625
2020-03-17,9285.400390625,9403.7998046875,8915.599609375,935600.0,8967.0498046875
2020-03-18,9088.4501953125,9127.5498046875,8407.0498046875,1516600.0,8468.7998046875
2020-03-19,8063.2998046875,8575.4501953125,7832.5498046875,925700.0,8263.4501953125
2020-03-20,8284.4501953125,8883.0,8178.2001953125,1071500.0,8745.4501953125
2020-03-23,7945.7001953125,8159.25,7583.60009765625,653500.0,7610.25
2020-03-24,7848.2998046875,8036.9501953125,7511.10009765625,738400.0,7801.0498046875
2020-03-25,7735.14990234375,8376.75,7714.75,736900.0,8317.849609375
2020-03-26,8451.0,8749.0498046875,8304.900390625,865600.0,8641.4501953125
2020-03-27,8949.099609375,9038.900390625,8522.900390625,801500.0,8660.25
2020-03-30,8385.9501953125,8576.0,8244.0,593300.0,8281.099609375
2020-03-31,8529.349609375,8678.2998046875,8358.0,712700.0,8597.75
2020-04-01,8584.099609375,8588.099609375,8198.349609375,506300.0,8253.7998046875
2020-04-03,8356.5498046875,8356.5498046875,8055.7998046875,697000.0,8083.7998046875
2020-04-07,8446.2998046875,8819.400390625,8360.9501953125,814200.0,8792.2001953125
2020-04-08,8688.900390625,9131.7001953125,8653.900390625,896500.0,8748.75
2020-04-09,8973.0498046875,9128.349609375,8904.5498046875,742100.0,9111.900390625
2020-04-13,9103.9501953125,9112.0498046875,8912.400390625,644000.0,8993.849609375
2020-04-15,9196.400390625,9261.2001953125,8874.099609375,879100.0,8925.2998046875
2020-04-16,8851.25,9053.75,8821.900390625,719400.0,8992.7998046875
2020-04-17,9323.4501953125,9324.0,9091.349609375,684200.0,9266.75
2020-04-20,9390.2001953125,9390.849609375,9230.7998046875,726400.0,9261.849609375
2020-04-21,9016.9501953125,9044.400390625,8909.400390625,655100.0,8981.4501953125
2020-04-22,9026.75,9209.75,8946.25,734400.0,9187.2998046875
2020-04-23,9232.349609375,9343.599609375,9170.150390625,666700.0,9313.900390625
2020-04-24,9163.900390625,9296.900390625,9141.2998046875,659400.0,9154.400390625
2020-04-27,9259.7001953125,9377.099609375,9250.349609375,512800.0,9282.2998046875
2020-04-28,9389.7998046875,9404.400390625,9260.0,614500.0,9380.900390625
2020-04-29,9408.599609375,9599.849609375,9392.349609375,653000.0,9553.349609375
2020-04-30,9753.5,9889.0498046875,9731.5,931200.0,9859.900390625
2020-05-04,9533.5,9533.5,9266.9501953125,687500.0,9293.5
2020-05-05,9429.400390625,9450.900390625,9190.75,725200.0,9205.599609375
2020-05-06,9226.7998046875,9346.900390625,9116.5,722200.0,9270.900390625
2020-05-07,9234.0498046875,9277.849609375,9175.900390625,708700.0,9199.0498046875
2020-05-08,9376.9501953125,9382.650390625,9238.2001953125,609100.0,9251.5
2020-05-11,9348.150390625,9439.900390625,9219.9501953125,704600.0,9239.2001953125
2020-05-12,9168.849609375,9240.849609375,9043.9501953125,805500.0,9196.5498046875
2020-05-13,9584.2001953125,9584.5,9351.099609375,846400.0,9383.5498046875
2020-05-14,9213.9501953125,9281.099609375,9119.75,602600.0,9142.75
2020-05-15,9182.400390625,9182.400390625,9050.0,575900.0,9136.849609375
2020-05-18,9158.2998046875,9158.2998046875,8806.75,773000.0,8823.25
2020-05-19,8961.7001953125,9030.349609375,8855.2998046875,762200.0,8879.099609375
2020-05-20,8889.150390625,9093.7998046875,8875.349609375,622300.0,9066.5498046875
2020-05-21,9079.4501953125,9178.5498046875,9056.099609375,631500.0,9106.25
2020-05-22,9067.900390625,9149.599609375,8968.5498046875,675800.0,9039.25
2020-05-26,9099.75,9161.650390625,8996.650390625,655000.0,9029.0498046875
2020-05-27,9082.2001953125,9334.0,9004.25,763500.0,9314.9501953125
2020-05-28,9364.9501953125,9511.25,9336.5,837900.0,9490.099609375
2020-05-29,9422.2001953125,9598.849609375,9376.900390625,967000.0,9580.2998046875
2020-06-01,9726.849609375,9931.599609375,9706.9501953125,794200.0,9826.150390625
2020-06-02,9880.849609375,9995.599609375,9824.0498046875,770200.0,9979.099609375
2020-06-03,10108.2998046875,10176.2001953125,10035.5498046875,794700.0,10061.5498046875
2020-06-04,10054.25,10123.849609375,9944.25,775100.0,10029.099609375
2020-06-05,10093.7998046875,10177.7998046875,10040.75,987100.0,10142.150390625
2020-06-08,10326.75,10328.5,10120.25,936500.0,10167.4501953125
2020-06-09,10181.150390625,10291.150390625,10021.4501953125,754200.0,10046.650390625
2020-06-10,10072.599609375,10148.75,10036.849609375,632400.0,10116.150390625
2020-06-11,10094.099609375,10112.0498046875,9885.0498046875,715500.0,9902.0
2020-06-12,9544.9501953125,9996.0498046875,9544.349609375,796300.0,9972.900390625
2020-06-15,9919.349609375,9943.349609375,9726.349609375,716100.0,9813.7001953125
2020-06-16,10014.7998046875,10046.150390625,9728.5,899900.0,9914.0
2020-06-17,9876.7001953125,10003.599609375,9833.7998046875,685400.0,9881.150390625
2020-06-18,9863.25,10111.2001953125,9845.0498046875,622900.0,10091.650390625
2020-06-19,10119.0,10272.400390625,10072.650390625,892100.0,10244.400390625
2020-06-22,10318.75,10393.650390625,10277.599609375,685400.0,10311.2001953125
2020-06-23,10347.9501953125,10484.7001953125,10301.75,669200.0,10471.0
2020-06-24,10529.25,10553.150390625,10281.9501953125,854800.0,10305.2998046875
2020-06-25,10235.5498046875,10361.7998046875,10194.5,994200.0,10288.900390625
2020-06-26,10378.900390625,10409.849609375,10311.25,671900.0,10383.0
2020-06-29,10311.9501953125,10337.9501953125,10223.599609375,574500.0,10312.400390625
2020-06-30,10382.599609375,10401.0498046875,10267.349609375,556200.0,10302.099609375
2020-07-01,10323.7998046875,10447.0498046875,10299.599609375,573600.0,10430.0498046875
2020-07-02,10493.0498046875,10598.2001953125,10485.5498046875,597400.0,10551.7001953125
2020-07-03,10614.9501953125,10631.2998046875,10562.650390625,525200.0,10607.349609375
2020-07-06,10723.849609375,10811.400390625,10695.099609375,571200.0,10763.650390625
2020-07-07,10802.849609375,10813.7998046875,10689.7001953125,636800.0,10799.650390625
2020-07-08,10818.650390625,10847.849609375,10676.5498046875,767900.0,10705.75
2020-07-09,10755.5498046875,10836.849609375,10733.0,618700.0,10813.4501953125
2020-07-10,10764.099609375,10819.400390625,10713.0,590700.0,10768.0498046875
2020-07-13,10851.849609375,10894.0498046875,10756.0498046875,554100.0,10802.7001953125
2020-07-14,10750.849609375,10755.650390625,10562.900390625,532400.0,10607.349609375
2020-07-15,10701.0,10827.4501953125,10577.75,715900.0,10618.2001953125
2020-07-16,10706.2001953125,10755.2998046875,10595.2001953125,694400.0,10739.9501953125
2020-07-17,10752.0,10933.4501953125,10749.650390625,676900.0,10901.7001953125
2020-07-20,10999.4501953125,11037.900390625,10953.0,554300.0,11022.2001953125
2020-07-21,11126.099609375,11179.5498046875,11113.25,772000.0,11162.25
2020-07-22,11231.2001953125,11238.099609375,11056.5498046875,765100.0,11132.599609375
2020-07-23,11135.0,11239.7998046875,11103.150390625,621600.0,11215.4501953125
2020-07-24,11149.9501953125,11225.400390625,11090.2998046875,678900.0,11194.150390625
2020-07-27,11225.0,11225.0,11087.849609375,588100.0,11131.7998046875
2020-07-28,11154.099609375,11317.75,11151.400390625,683900.0,11300.5498046875
2020-07-29,11276.900390625,11341.400390625,11149.75,600700.0,11202.849609375
2020-07-30,11254.2998046875,11299.9501953125,11084.9501953125,677800.0,11102.150390625
2020-07-31,11139.5,11150.400390625,11026.650390625,642600.0,11073.4501953125
2020-08-03,11057.5498046875,11058.0498046875,10882.25,680900.0,10891.599609375
2020-08-04,10946.650390625,11112.25,10908.099609375,625700.0,11095.25
2020-08-05,11155.75,11225.650390625,11064.0498046875,667600.0,11101.650390625
2020-08-06,11185.7001953125,11256.7998046875,11127.2998046875,600400.0,11200.150390625
2020-08-07,11186.650390625,11231.900390625,11142.0498046875,452600.0,11214.0498046875
2020-08-10,11270.25,11337.2998046875,11238.0,492000.0,11270.150390625
2020-08-11,11322.25,11373.599609375,11299.150390625,586100.0,11322.5
2020-08-12,11289.0,11322.0,11242.650390625,609900.0,11308.400390625
2020-08-13,11334.849609375,11359.2998046875,11269.9501953125,562400.0,11300.4501953125
2020-08-14,11353.2998046875,11366.25,11111.4501953125,645100.0,11178.400390625
2020-08-17,11248.900390625,11267.099609375,11144.5,634000.0,11247.099609375
2020-08-18,11259.7998046875,11401.7001953125,11253.150390625,579200.0,11385.349609375
2020-08-19,11452.150390625,11460.349609375,11394.099609375,626200.0,11408.400390625
2020-08-20,11317.4501953125,11361.4501953125,11289.7998046875,791600.0,11312.2001953125
2020-08-21,11409.650390625,11418.5,11362.2001953125,668700.0,11371.599609375
2020-08-24,11412.0,11497.25,11410.650390625,532900.0,11466.4501953125
2020-08-25,11513.099609375,11525.900390625,11423.349609375,638200.0,11472.25
2020-08-26,11512.849609375,11561.75,11461.849609375,743400.0,11549.599609375
2020-08-27,11609.2998046875,11617.349609375,11540.599609375,719800.0,11559.25
2020-08-28,11602.9501953125,11686.0498046875,11589.400390625,807000.0,11647.599609375
2020-08-31,11777.5498046875,11794.25,11325.849609375,1371800.0,11387.5
2020-09-01,11464.2998046875,11553.5498046875,11366.900390625,783800.0,11470.25
2020-09-02,11478.5498046875,11554.75,11430.400390625,593500.0,11535.0
2020-09-03,11566.2001953125,11584.9501953125,11507.650390625,607100.0,11527.4501953125
2020-09-04,11354.400390625,11452.0498046875,11303.650390625,681300.0,11333.849609375
2020-09-07,11359.599609375,11381.150390625,11251.7001953125,560300.0,11355.0498046875
2020-09-08,11378.5498046875,11437.25,11290.4501953125,572200.0,11317.349609375
2020-09-09,11218.599609375,11298.150390625,11185.150390625,728900.0,11278.0
2020-09-10,11363.2998046875,11464.0498046875,11327.400390625,679400.0,11449.25
2020-09-11,11447.7998046875,11493.5,11419.900390625,554800.0,11464.4501953125
2020-09-14,11540.150390625,11568.900390625,11383.5498046875,642300.0,11440.0498046875
2020-09-15,11487.2001953125,11535.9501953125,11442.25,506700.0,11521.7998046875
2020-09-16,11538.4501953125,11618.099609375,11516.75,527800.0,11604.5498046875
2020-09-17,11539.400390625,11587.2001953125,11498.5,0.0,11516.099609375
2020-09-18,11584.099609375,11584.099609375,11446.099609375,764200.0,11504.9501953125
2020-09-21,11503.7998046875,11535.25,11218.5,602900.0,11250.5498046875
2020-09-22,11301.75,11302.2001953125,11084.650390625,672200.0,11153.650390625
2020-09-23,11258.75,11259.5498046875,11024.400390625,714900.0,11131.849609375
2020-09-24,11011.0,11015.2998046875,10790.2001953125,706100.0,10805.5498046875
2020-09-25,10910.400390625,11072.599609375,10854.849609375,559600.0,11050.25
2020-09-28,11140.849609375,11239.349609375,11099.849609375,472800.0,11227.5498046875
2020-09-29,11288.599609375,11305.400390625,11181.0,498300.0,11222.400390625
2020-09-30,11244.4501953125,11295.400390625,11184.5498046875,499300.0,11247.5498046875
2020-10-01,11364.4501953125,11428.599609375,11347.0498046875,447700.0,11416.9501953125
2020-10-05,11487.7998046875,11578.0498046875,11452.2998046875,530600.0,11503.349609375
2020-10-06,11603.4501953125,11680.2998046875,11564.2998046875,561400.0,11662.400390625
2020-10-07,11679.25,11763.0498046875,11629.349609375,513400.0,11738.849609375
2020-10-08,11835.400390625,11905.7001953125,11791.150390625,608800.0,11834.599609375
2020-10-09,11852.0498046875,11938.599609375,11805.2001953125,611100.0,11914.2001953125
2020-10-12,11973.5498046875,12022.0498046875,11867.2001953125,522600.0,11930.9501953125
2020-10-13,11934.650390625,11988.2001953125,11888.900390625,458300.0,11934.5
2020-10-14,11917.400390625,11997.2001953125,11822.150390625,569200.0,11971.0498046875
2020-10-15,12023.4501953125,12025.4501953125,11661.2998046875,608900.0,11680.349609375
2020-10-16,11727.400390625,11789.75,11667.849609375,555800.0,11762.4501953125
2020-10-19,11879.2001953125,11898.25,11820.400390625,541400.0,11873.0498046875
2020-10-20,11861.0,11949.25,11837.25,453600.0,11896.7998046875
2020-10-21,11958.5498046875,12018.650390625,11775.75,623700.0,11937.650390625
2020-10-22,11890.0,11939.5498046875,11823.4501953125,544900.0,11896.4501953125
2020-10-23,11957.900390625,11974.5498046875,11908.75,502300.0,11930.349609375
2020-10-26,11937.400390625,11942.849609375,11711.7001953125,519800.0,11767.75
2020-10-27,11807.099609375,11899.0498046875,11723.0,616300.0,11889.400390625
2020-10-28,11922.599609375,11929.400390625,11684.849609375,704000.0,11729.599609375
2020-10-29,11633.2998046875,11744.150390625,11606.4501953125,555000.0,11670.7998046875
2020-10-30,11678.4501953125,11748.9501953125,11535.4501953125,553700.0,11642.400390625
2020-11-02,11697.349609375,11725.650390625,11557.400390625,568400.0,11669.150390625
2020-11-03,11734.4501953125,11836.2001953125,11723.2998046875,674300.0,11813.5
2020-11-04,11783.349609375,11929.650390625,11756.400390625,667300.0,11908.5
2020-11-05,12062.400390625,12131.099609375,12027.599609375,632500.0,12120.2998046875
2020-11-06,12156.650390625,12280.400390625,12131.849609375,576800.0,12263.5498046875
2020-11-09,12399.400390625,12474.0498046875,12367.349609375,553400.0,12461.0498046875
2020-11-10,12556.400390625,12643.900390625,12475.25,847500.0,12631.099609375
2020-11-11,12680.599609375,12769.75,12571.099609375,880500.0,12749.150390625
2020-11-12,12702.150390625,12741.150390625,12624.849609375,622000.0,12690.7998046875
2020-11-13,12659.7001953125,12735.9501953125,12607.7001953125,513900.0,12719.9501953125
2020-11-17,12932.5,12934.0498046875,12797.099609375,707700.0,12874.2001953125
2020-11-18,12860.099609375,12948.849609375,12819.349609375,731300.0,12938.25
2020-11-19,12839.5,12963.0,12745.75,768800.0,12771.7001953125
2020-11-20,12813.400390625,12892.4501953125,12730.25,664000.0,12859.0498046875
2020-11-23,12960.2998046875,12968.849609375,12825.7001953125,633100.0,12926.4501953125
2020-11-24,13002.599609375,13079.099609375,12978.0,571900.0,13055.150390625
2020-11-25,13130.0,13145.849609375,12833.650390625,679000.0,12858.400390625
2020-11-26,12906.4501953125,13018.0,12790.400390625,549800.0,12987.0
2020-11-27,13012.0498046875,13035.2998046875,12914.2998046875,1162400.0,12968.9501953125
2020-12-01,13062.2001953125,13128.400390625,12962.7998046875,583600.0,13109.0498046875
2020-12-02,13121.400390625,13128.5,12983.5498046875,717700.0,13113.75
2020-12-03,13215.2998046875,13216.599609375,13107.900390625,713700.0,13133.900390625
2020-12-04,13177.400390625,13280.0498046875,13152.849609375,640500.0,13258.5498046875
2020-12-07,13264.849609375,13366.650390625,13241.9501953125,591700.0,13355.75
2020-12-08,13393.849609375,13435.4501953125,13311.0498046875,543200.0,13392.9501953125
2020-12-09,13458.099609375,13548.900390625,13449.599609375,502600.0,13529.099609375
2020-12-10,13488.5,13503.5498046875,13399.2998046875,553400.0,13478.2998046875
2020-12-11,13512.2998046875,13579.349609375,13402.849609375,787700.0,13513.849609375
2020-12-14,13571.4501953125,13597.5,13472.4501953125,558400.0,13558.150390625
2020-12-15,13547.2001953125,13589.650390625,13447.0498046875,497600.0,13567.849609375
2020-12-16,13663.099609375,13692.349609375,13606.4501953125,462200.0,13682.7001953125
2020-12-17,13713.5498046875,13773.25,13673.5498046875,416000.0,13740.7001953125
2020-12-18,13764.400390625,13772.849609375,13658.599609375,519400.0,13760.5498046875
2020-12-21,13741.900390625,13777.5,13131.4501953125,687300.0,13328.400390625
2020-12-22,13373.650390625,13492.0498046875,13192.900390625,696200.0,13466.2998046875
2020-12-23,13473.5,13619.4501953125,13432.2001953125,458700.0,13601.099609375
2020-12-24,13672.150390625,13771.75,13626.900390625,471400.0,13749.25
2020-12-28,13815.150390625,13885.2998046875,13811.5498046875,403600.0,13873.2001953125
2020-12-29,13910.349609375,13967.599609375,13859.900390625,439600.0,13932.599609375
2020-12-30,13980.900390625,13997.0,13864.9501953125,380700.0,13981.9501953125
2020-12-31,13970.0,14024.849609375,13936.4501953125,452400.0,13981.75
2021-01-01,13996.099609375,14049.849609375,13991.349609375,358100.0,14018.5
2021-01-04,14104.349609375,14147.9501953125,13953.75,495000.0,14132.900390625
2021-01-05,14075.150390625,14215.599609375,14048.150390625,492500.0,14199.5
2021-01-06,14240.9501953125,14244.150390625,14039.900390625,632300.0,14146.25
2021-01-07,14253.75,14256.25,14123.099609375,559200.0,14137.349609375
2021-01-08,14258.400390625,14367.2998046875,14221.650390625,613500.0,14347.25
2021-01-11,14474.0498046875,14498.2001953125,14383.099609375,672900.0,14484.75
2021-01-12,14473.7998046875,14590.650390625,14432.849609375,929600.0,14563.4501953125
2021-01-13,14639.7998046875,14653.349609375,14435.7001953125,874000.0,14564.849609375
2021-01-14,14550.0498046875,14617.7998046875,14471.5,620200.0,14595.599609375
2021-01-15,14594.349609375,14617.4501953125,14357.849609375,789600.0,14433.7001953125
2021-01-18,14453.2998046875,14459.150390625,14222.7998046875,762000.0,14281.2998046875
2021-01-19,14371.650390625,14546.0498046875,14350.849609375,546100.0,14521.150390625
2021-01-20,14538.2998046875,14666.4501953125,14517.5498046875,623100.0,14644.7001953125
2021-01-21,14730.9501953125,14753.5498046875,14517.25,704600.0,14590.349609375
2021-01-22,14583.400390625,14619.900390625,14357.75,776800.0,14371.900390625
2021-01-25,14477.7998046875,14491.099609375,14218.599609375,618600.0,14238.900390625
2021-01-27,14237.9501953125,14237.9501953125,13929.2998046875,660700.0,13967.5
2021-01-28,13810.400390625,13898.25,13713.25,637900.0,13817.5498046875
2021-01-29,13946.599609375,13966.849609375,13596.75,753200.0,13634.599609375
2021-02-01,13758.599609375,14336.349609375,13661.75,870500.0,14281.2001953125
2021-02-02,14481.099609375,14731.7001953125,14469.150390625,915000.0,14647.849609375
2021-02-03,14754.900390625,14868.849609375,14574.150390625,869500.0,14789.9501953125
2021-02-04,14789.0498046875,14913.7001953125,14714.75,884700.0,14895.650390625
2021-02-05,14952.599609375,15014.650390625,14864.75,935600.0,14924.25
2021-02-08,15064.2998046875,15159.900390625,15041.0498046875,671200.0,15115.7998046875
2021-02-09,15164.150390625,15257.099609375,15064.2998046875,713300.0,15109.2998046875
2021-02-10,15119.0498046875,15168.25,14977.2001953125,624800.0,15106.5
2021-02-11,15073.25,15188.5,15065.400390625,500100.0,15173.2998046875
2021-02-12,15186.2001953125,15243.5,15081.0,571800.0,15163.2998046875
2021-02-15,15270.2998046875,15340.150390625,15243.400390625,456000.0,15314.7001953125
2021-02-16,15371.4501953125,15431.75,15242.2001953125,648500.0,15313.4501953125
2021-02-17,15279.900390625,15314.2998046875,15170.75,504800.0,15208.900390625
2021-02-18,15238.7001953125,15250.75,15078.0498046875,770600.0,15118.9501953125
2021-02-19,15074.7998046875,15144.0498046875,14898.2001953125,712200.0,14981.75
2021-02-22,14999.0498046875,15010.099609375,14635.0498046875,609900.0,14675.7001953125
2021-02-23,14782.25,14854.5,14651.849609375,744100.0,14707.7998046875
2021-02-24,14729.150390625,15008.7998046875,14504.5,403800.0,14982.0
2021-02-25,15079.849609375,15176.5,15065.349609375,803900.0,15097.349609375
2021-02-26,14888.599609375,14919.4501953125,14467.75,1103600.0,14529.150390625
2021-03-01,14702.5,14806.7998046875,14638.5498046875,507300.0,14761.5498046875
2021-03-02,14865.2998046875,14959.099609375,14760.7998046875,621700.0,14919.099609375
2021-03-03,15064.400390625,15273.150390625,14995.7998046875,544200.0,15245.599609375
2021-03-04,15026.75,15202.349609375,14980.2001953125,534900.0,15080.75
2021-03-05,14977.9501953125,15092.349609375,14862.099609375,640700.0,14938.099609375
2021-03-08,15002.4501953125,15111.150390625,14919.900390625,0.0,14956.2001953125
2021-03-09,15049.900390625,15126.849609375,14925.4501953125,675300.0,15098.400390625
2021-03-10,15202.150390625,15218.4501953125,15100.849609375,404600.0,15174.7998046875
2021-03-12,15321.150390625,15336.2998046875,14953.599609375,493200.0,15030.9501953125
2021-03-15,15048.400390625,15048.400390625,14745.849609375,467500.0,14929.5
2021-03-16,14996.099609375,15051.599609375,14890.650390625,100.0,14910.4501953125
2021-03-17,14946.5498046875,14956.5498046875,14696.0498046875,100.0,14721.2998046875
2021-03-18,14855.5,14875.2001953125,14478.599609375,542200.0,14557.849609375
2021-03-19,14471.150390625,14788.25,14350.099609375,919200.0,14744.0
2021-03-22,14736.2998046875,14763.900390625,14597.849609375,459000.0,14736.400390625
2021-03-23,14768.5498046875,14878.599609375,14707.0,474200.0,14814.75
2021-03-24,14712.4501953125,14752.349609375,14535.0,456400.0,14549.400390625
2021-03-25,14570.900390625,14575.599609375,14264.400390625,606800.0,14324.900390625
2021-03-26,14506.2998046875,14572.900390625,14414.25,481000.0,14507.2998046875
2021-03-30,14628.5,14876.2998046875,14617.599609375,594500.0,14845.099609375
2021-03-31,14811.849609375,14813.75,14670.25,463900.0,14690.7001953125
2021-04-01,14798.400390625,14883.2001953125,14692.4501953125,445000.0,14867.349609375
2021-04-05,14837.7001953125,14849.849609375,14459.5,509700.0,14637.7998046875
2021-04-06,14737.0,14779.099609375,14573.900390625,475300.0,14683.5
2021-04-07,14716.4501953125,14879.7998046875,14649.849609375,0.0,14819.0498046875
2021-04-08,14875.650390625,14984.150390625,14821.099609375,514800.0,14873.7998046875
2021-04-09,14882.650390625,14918.4501953125,14785.650390625,504100.0,14834.849609375
2021-04-12,14644.650390625,14652.5,14248.7001953125,650200.0,14310.7998046875
2021-04-13,14364.900390625,14528.900390625,14274.900390625,605100.0,14504.7998046875
2021-04-15,14522.400390625,14597.5498046875,14353.2001953125,568000.0,14581.4501953125
2021-04-16,14599.599609375,14697.7001953125,14559.0,577200.0,14617.849609375
2021-04-19,14306.599609375,14382.2998046875,14191.400390625,512300.0,14359.4501953125
2021-04-20,14526.7001953125,14526.9501953125,14207.2998046875,467400.0,14296.400390625
2021-04-22,14219.150390625,14424.75,14151.400390625,524600.0,14406.150390625
2021-04-23,14326.349609375,14461.150390625,14273.2998046875,498100.0,14341.349609375
2021-04-26,14449.4501953125,14557.5,14421.2998046875,452700.0,14485.0
2021-04-27,14493.7998046875,14667.5498046875,14484.849609375,451800.0,14653.0498046875
2021-04-28,14710.5,14890.25,14694.9501953125,457000.0,14864.5498046875
2021-04-29,14979.0,15044.349609375,14814.4501953125,517500.0,14894.900390625
2021-04-30,14747.349609375,14855.4501953125,14601.7001953125,613900.0,14631.099609375
2021-05-03,14481.0498046875,14673.849609375,14416.25,448900.0,14634.150390625
2021-05-04,14687.25,14723.400390625,14461.5,503400.0,14496.5
2021-05-05,14604.150390625,14637.900390625,14506.599609375,455900.0,14617.849609375
2021-05-06,14668.349609375,14743.900390625,14611.5,467800.0,14724.7998046875
2021-05-07,14816.849609375,14863.0498046875,14765.5,488000.0,14823.150390625
2021-05-10,14928.25,14966.900390625,14892.5,522000.0,14942.349609375
2021-05-11,14789.7001953125,14900.0,14771.400390625,647400.0,14850.75
2021-05-12,14823.5498046875,14824.0498046875,14649.7001953125,643800.0,14696.5
2021-05-14,14749.400390625,14749.650390625,14591.900390625,620700.0,14677.7998046875
2021-05-17,14756.25,14938.0,14725.349609375,546400.0,14923.150390625
2021-05-18,15067.2001953125,15137.25,15043.7001953125,583900.0,15108.099609375
2021-05-19,15058.599609375,15133.400390625,15008.849609375,569100.0,15030.150390625
2021-05-20,15042.599609375,15069.7998046875,14884.900390625,480300.0,14906.0498046875
2021-05-21,14987.7998046875,15190.0,14985.849609375,572900.0,15175.2998046875
2021-05-24,15211.349609375,15256.25,15145.4501953125,579800.0,15197.7001953125
2021-05-25,15291.75,15293.849609375,15163.400390625,441500.0,15208.4501953125
2021-05-26,15257.0498046875,15319.900390625,15194.9501953125,384000.0,15301.4501953125
2021-05-27,15323.9501953125,15384.5498046875,15272.5,0.0,15337.849609375
2021-05-28,15421.2001953125,15469.650390625,15394.75,468100.0,15435.650390625
2021-05-31,15437.75,15606.349609375,15374.0,436000.0,15582.7998046875
2021-06-01,15629.650390625,15660.75,15528.2998046875,409600.0,15574.849609375
2021-06-02,15520.349609375,15597.4501953125,15459.849609375,428600.0,15576.2001953125
2021-06-03,15655.5498046875,15705.099609375,15611.0,410200.0,15690.349609375
2021-06-04,15712.5,15733.599609375,15622.349609375,414200.0,15670.25
2021-06-07,15725.099609375,15773.4501953125,15678.099609375,394000.0,15751.650390625
2021-06-08,15773.900390625,15778.7998046875,15680.0,378200.0,15740.099609375
2021-06-09,15766.2998046875,15800.4501953125,15566.900390625,457900.0,15635.349609375
2021-06-10,15692.099609375,15751.25,15648.5,298300.0,15737.75
2021-06-11,15796.4501953125,15835.5498046875,15749.7998046875,363000.0,15799.349609375
2021-06-14,15791.400390625,15823.0498046875,15606.5,392900.0,15811.849609375
2021-06-15,15866.9501953125,15901.599609375,15842.400390625,323300.0,15869.25
2021-06-16,15847.5,15880.849609375,15742.599609375,340200.0,15767.5498046875
2021-06-17,15648.2998046875,15769.349609375,15616.75,357600.0,15691.400390625
2021-06-18,15756.5,15761.5,15450.900390625,640800.0,15683.349609375
2021-06-21,15525.849609375,15765.150390625,15505.650390625,351500.0,15746.5
2021-06-22,15840.5,15895.75,15752.099609375,322200.0,15772.75
2021-06-23,15862.7998046875,15862.9501953125,15673.9501953125,287500.0,15686.9501953125
2021-06-24,15737.2998046875,15821.400390625,15702.7001953125,316700.0,15790.4501953125
2021-06-25,15839.349609375,15870.7998046875,15772.2998046875,314600.0,15860.349609375
2021-06-28,15915.349609375,15915.650390625,15792.150390625,255100.0,15814.7001953125
2021-06-29,15807.5,15835.900390625,15724.0498046875,360300.0,15748.4501953125
2021-06-30,15776.900390625,15839.099609375,15708.75,262400.0,15721.5
2021-07-01,15755.0498046875,15755.5498046875,15667.0498046875,224900.0,15680.0
2021-07-02,15705.849609375,15738.349609375,15635.9501953125,254800.0,15722.2001953125
2021-07-05,15793.400390625,15845.9501953125,15762.0498046875,207000.0,15834.349609375
2021-07-06,15813.75,15914.2001953125,15801.0,391400.0,15818.25
2021-07-07,15819.599609375,15893.5498046875,15779.7001953125,329300.0,15879.650390625
2021-07-08,15855.400390625,15885.75,15682.900390625,307900.0,15727.900390625
2021-07-09,15688.25,15730.849609375,15632.75,243200.0,15689.7998046875
2021-07-12,15766.7998046875,15789.2001953125,15644.75,216300.0,15692.599609375
2021-07-13,15794.0,15820.7998046875,15744.599609375,246700.0,15812.349609375
2021-07-14,15808.7001953125,15877.349609375,15764.2001953125,0.0,15853.9501953125
2021-07-15,15872.150390625,15952.349609375,15855.0,284900.0,15924.2001953125
2021-07-16,15958.349609375,15962.25,15882.599609375,276300.0,15923.400390625
2021-07-19,15754.5,15836.900390625,15707.5,242100.0,15752.400390625
2021-07-20,15703.9501953125,15728.4501953125,15578.5498046875,274300.0,15632.099609375
2021-07-22,15736.599609375,15834.7998046875,15726.400390625,265300.0,15824.0498046875
2021-07-23,15856.7998046875,15899.7998046875,15768.400390625,294100.0,15856.0498046875
2021-07-26,15849.2998046875,15893.349609375,15797.0,267100.0,15824.4501953125
2021-07-27,15860.5,15881.5498046875,15701.0,311000.0,15746.4501953125
2021-07-28,15761.5498046875,15767.5,15513.4501953125,318600.0,15709.400390625
2021-07-29,15762.7001953125,15817.349609375,15737.7998046875,401600.0,15778.4501953125
2021-07-30,15800.599609375,15862.7998046875,15744.849609375,400000.0,15763.0498046875
2021-08-02,15874.900390625,15892.900390625,15834.650390625,244800.0,15885.150390625
2021-08-03,15951.5498046875,16146.900390625,15914.349609375,341300.0,16130.75
2021-08-04,16195.25,16290.2001953125,16176.150390625,427300.0,16258.7998046875
2021-08-05,16288.9501953125,16349.4501953125,16210.2998046875,418200.0,16294.599609375
2021-08-06,16304.400390625,16336.75,16223.2998046875,320100.0,16238.2001953125
2021-08-09,16281.349609375,16320.75,16179.0498046875,240500.0,16258.25
2021-08-10,16274.7998046875,16359.25,16202.25,288000.0,16280.099609375
2021-08-11,16327.2998046875,16338.75,16162.5498046875,277900.0,16282.25
2021-08-12,16303.650390625,16375.5,16286.900390625,280200.0,16364.400390625
2021-08-13,16385.69921875,16543.599609375,16376.2998046875,321900.0,16529.099609375
2021-08-16,16518.400390625,16589.400390625,16480.75,254000.0,16563.05078125
2021-08-17,16545.25,16628.55078125,16495.400390625,297400.0,16614.599609375
2021-08-18,16691.94921875,16701.849609375,16535.849609375,251800.0,16568.849609375
2021-08-20,16382.5,16509.55078125,16376.0498046875,350800.0,16450.5
2021-08-23,16592.25,16592.5,16395.69921875,275600.0,16496.44921875
2021-08-24,16561.400390625,16647.099609375,16495.30078125,275400.0,16624.599609375
2021-08-25,16654.0,16712.44921875,16617.5,265900.0,16634.650390625
2021-08-26,16627.94921875,16683.69921875,16603.400390625,253500.0,16636.900390625
2021-08-27,16642.55078125,16722.05078125,16565.599609375,217400.0,16705.19921875
2021-08-30,16775.849609375,16951.5,16764.849609375,283500.0,16931.05078125
2021-08-31,16947.5,17153.5,16915.849609375,464400.0,17132.19921875
2021-09-01,17185.599609375,17225.75,17055.05078125,301900.0,17076.25
2021-09-02,17095.400390625,17245.5,17059.69921875,242400.0,17234.150390625
2021-09-03,17262.44921875,17340.099609375,17212.19921875,261400.0,17323.599609375
2021-09-06,17399.349609375,17429.55078125,17345.55078125,228000.0,17377.80078125
2021-09-07,17401.55078125,17436.5,17287.0,243400.0,17362.099609375
2021-09-08,17375.75,17383.400390625,17254.19921875,252700.0,17353.5
2021-09-09,17312.849609375,17379.650390625,17302.69921875,241500.0,17369.25
2021-09-13,17363.55078125,17378.349609375,17269.150390625,241100.0,17355.30078125
2021-09-14,17420.349609375,17438.55078125,17367.05078125,230400.0,17380.0
2021-09-15,17387.650390625,17532.69921875,17386.900390625,388200.0,17519.44921875
2021-09-16,17539.19921875,17644.599609375,17510.44921875,503300.0,17629.5
2021-09-17,17709.650390625,17792.94921875,17537.650390625,508300.0,17585.150390625
2021-09-20,17443.849609375,17622.75,17361.80078125,339100.0,17396.900390625
2021-09-21,17450.5,17578.349609375,17326.099609375,363600.0,17562.0
2021-09-22,17580.900390625,17610.44921875,17524.0,295200.0,17546.650390625
2021-09-23,17670.849609375,17843.900390625,17646.55078125,320500.0,17822.94921875
2021-09-24,17897.44921875,17947.650390625,17819.400390625,360100.0,17853.19921875
2021-09-27,17932.19921875,17943.5,17802.900390625,295700.0,17855.099609375
2021-09-28,17906.44921875,17912.849609375,17576.099609375,398000.0,17748.599609375
2021-09-29,17657.94921875,17781.75,17608.150390625,562200.0,17711.30078125
2021-09-30,17718.900390625,17742.150390625,17585.349609375,378600.0,17618.150390625
2021-10-01,17531.900390625,17557.150390625,17452.900390625,305800.0,17532.05078125
2021-10-04,17615.55078125,17750.900390625,17581.349609375,295800.0,17691.25
2021-10-05,17661.349609375,17833.44921875,17640.900390625,427000.0,17822.30078125
2021-10-06,17861.5,17884.599609375,17613.150390625,395800.0,17646.0
2021-10-07,17810.55078125,17857.55078125,17763.80078125,419900.0,17790.349609375
2021-10-08,17886.849609375,17941.849609375,17840.349609375,324100.0,17895.19921875
2021-10-11,17867.55078125,18041.94921875,17839.099609375,375800.0,17945.94921875
2021-10-12,17915.80078125,18008.650390625,17864.94921875,355600.0,17991.94921875
2021-10-13,18097.849609375,18197.80078125,18050.75,506700.0,18161.75
2021-10-14,18272.849609375,18350.75,18248.69921875,538700.0,18338.55078125
2021-10-18,18500.099609375,18543.150390625,18445.30078125,469900.0,18477.05078125
2021-10-19,18602.349609375,18604.44921875,18377.69921875,368200.0,18418.75
2021-10-20,18439.900390625,18458.30078125,18209.349609375,371300.0,18266.599609375
2021-10-21,18382.69921875,18384.19921875,18048.0,365900.0,18178.099609375
2021-10-22,18230.69921875,18314.25,18034.349609375,324700.0,18114.900390625
2021-10-25,18229.5,18241.400390625,17968.5,418700.0,18125.400390625
2021-10-26,18154.5,18310.44921875,18099.30078125,341400.0,18268.400390625
2021-10-27,18295.849609375,18342.05078125,18167.900390625,335200.0,18210.94921875
2021-10-28,18187.650390625,18190.69921875,17799.44921875,374200.0,17857.25
2021-10-29,17833.05078125,17915.849609375,17613.099609375,336500.0,17671.650390625
2021-11-01,17783.150390625,17954.099609375,17697.099609375,281200.0,17929.650390625
2021-11-02,17970.900390625,18012.25,17847.599609375,296400.0,17888.94921875
2021-11-03,17947.94921875,17988.75,17757.94921875,331000.0,17829.19921875
2021-11-05,17935.05078125,17947.55078125,17900.599609375,48500.0,17916.80078125
2021-11-08,18040.19921875,18087.80078125,17836.099609375,338900.0,18068.55078125
2021-11-09,18084.349609375,18112.599609375,17983.05078125,270200.0,18044.25
2021-11-10,17973.44921875,18061.25,17915.0,261400.0,18017.19921875
2021-11-11,17967.44921875,17971.349609375,17798.19921875,232100.0,17873.599609375
2021-11-12,17977.599609375,18123.0,17905.900390625,249100.0,18102.75
2021-11-15,18140.94921875,18210.150390625,18071.30078125,280400.0,18109.44921875
2021-11-16,18127.05078125,18132.650390625,17958.80078125,267400.0,17999.19921875
2021-11-17,17939.349609375,18022.650390625,17879.25,295700.0,17898.650390625
2021-11-18,17890.55078125,17945.599609375,17688.5,278400.0,17764.80078125
2021-11-22,17796.25,17805.25,17280.44921875,356400.0,17416.55078125
2021-11-23,17281.75,17553.69921875,17216.099609375,308800.0,17503.349609375
2021-11-24,17550.05078125,17600.599609375,17354.0,298100.0,17415.05078125
2021-11-25,17417.30078125,17564.349609375,17351.69921875,255900.0,17536.25
2021-11-26,17338.75,17355.400390625,16985.69921875,356300.0,17026.44921875
2021-11-29,17055.80078125,17160.69921875,16782.400390625,348900.0,17053.94921875
2021-11-30,17051.150390625,17324.650390625,16931.400390625,498000.0,16983.19921875
2021-12-01,17104.400390625,17213.05078125,17064.25,295500.0,17166.900390625
2021-12-02,17183.19921875,17420.349609375,17149.30078125,279900.0,17401.650390625
2021-12-03,17424.900390625,17489.80078125,17180.80078125,292500.0,17196.69921875
2021-12-06,17209.05078125,17216.75,16891.69921875,231700.0,16912.25
2021-12-07,17044.099609375,17251.650390625,16987.75,254100.0,17176.69921875
2021-12-08,17315.25,17484.599609375,17308.94921875,257800.0,17469.75
2021-12-09,17524.400390625,17543.25,17379.599609375,237200.0,17516.849609375
2021-12-10,17476.05078125,17534.349609375,17405.25,204500.0,17511.30078125
2021-12-13,17619.099609375,17639.5,17355.94921875,256600.0,17368.25
2021-12-14,17283.19921875,17376.19921875,17225.80078125,271000.0,17324.900390625
2021-12-15,17323.650390625,17351.19921875,17192.19921875,215000.0,17221.400390625
2021-12-16,17373.0,17379.349609375,17184.94921875,219500.0,17248.400390625
2021-12-17,17276.0,17298.150390625,16966.44921875,354600.0,16985.19921875
2021-12-20,16824.25,16840.099609375,16410.19921875,330600.0,16614.19921875
2021-12-21,16773.150390625,16936.400390625,16688.25,241000.0,16770.849609375
2021-12-22,16865.55078125,16971.0,16819.5,207900.0,16955.44921875
2021-12-23,17066.80078125,17118.650390625,17015.55078125,197000.0,17072.599609375
2021-12-24,17149.5,17155.599609375,16909.599609375,182600.0,17003.75
2021-12-27,16937.75,17112.05078125,16833.19921875,144800.0,17086.25
2021-12-28,17177.599609375,17250.25,17161.150390625,176000.0,17233.25
2021-12-29,17220.099609375,17285.94921875,17176.650390625,161700.0,17213.599609375
2021-12-30,17201.44921875,17264.05078125,17146.349609375,320800.0,17203.94921875
2021-12-31,17244.5,17400.80078125,17238.5,167000.0,17354.05078125
2022-01-03,17387.150390625,17646.650390625,17383.30078125,200500.0,17625.69921875
2022-01-04,17681.400390625,17827.599609375,17593.55078125,247400.0,17805.25
2022-01-05,17820.099609375,17944.69921875,17748.849609375,251500.0,17925.25
2022-01-06,17768.5,17797.94921875,17655.55078125,236500.0,17745.900390625
2022-01-07,17797.599609375,17905.0,17704.55078125,239300.0,17812.69921875
2022-01-10,17913.30078125,18017.44921875,17879.150390625,232400.0,18003.30078125
2022-01-11,17997.75,18081.25,17964.400390625,220200.0,18055.75
2022-01-12,18170.400390625,18227.94921875,18128.80078125,245000.0,18212.349609375
2022-01-13,18257.0,18272.25,18163.80078125,303700.0,18257.80078125
2022-01-14,18185.0,18286.94921875,18119.650390625,229500.0,18255.75
2022-01-17,18235.650390625,18321.55078125,18228.75,266700.0,18308.099609375
2022-01-18,18337.19921875,18350.94921875,18085.900390625,227500.0,18113.05078125
2022-01-19,18129.19921875,18129.19921875,17884.900390625,276700.0,17938.400390625
2022-01-20,17921.0,17943.69921875,17648.44921875,258100.0,17757.0
2022-01-21,17613.69921875,17707.599609375,17485.849609375,277600.0,17617.150390625
2022-01-24,17575.150390625,17599.400390625,16997.849609375,323800.0,17149.099609375
2022-01-25,17001.55078125,17309.150390625,16836.80078125,326500.0,17277.94921875
2022-01-27,17062.0,17182.5,16866.75,395600.0,17110.150390625
2022-01-28,17208.30078125,17373.5,17077.099609375,355300.0,17101.94921875
2022-01-31,17301.05078125,17410.0,17264.150390625,321700.0,17339.849609375
2022-02-01,17529.44921875,17622.400390625,17244.55078125,386400.0,17576.849609375
2022-02-02,17706.19921875,17794.599609375,17674.80078125,271200.0,17780.0
2022-02-03,17767.75,17781.150390625,17511.150390625,226600.0,17560.19921875
2022-02-04,17590.19921875,17617.80078125,17462.55078125,261400.0,17516.30078125
2022-02-07,17456.30078125,17536.75,17119.400390625,265000.0,17213.599609375
2022-02-08,17279.849609375,17306.44921875,17043.650390625,268500.0,17266.75
2022-02-09,17370.099609375,17477.150390625,17339.0,236400.0,17463.80078125
2022-02-10,17554.099609375,17639.44921875,17427.150390625,273600.0,17605.849609375
2022-02-11,17451.0,17454.75,17303.0,253100.0,17374.75
2022-02-14,17076.150390625,17099.5,16809.650390625,305500.0,16842.80078125
2022-02-15,16933.25,17375.0,16839.25,298700.0,17352.44921875
2022-02-16,17408.44921875,17490.599609375,17257.69921875,244500.0,17322.19921875
2022-02-17,17396.55078125,17442.900390625,17235.849609375,232100.0,17304.599609375
2022-02-18,17236.05078125,17380.80078125,17219.19921875,189600.0,17276.30078125
2022-02-21,17192.25,17351.05078125,17070.69921875,215200.0,17206.650390625
2022-02-22,16847.94921875,17148.55078125,16843.80078125,300100.0,17092.19921875
2022-02-23,17194.5,17220.69921875,17027.849609375,200200.0,17063.25
2022-02-24,16548.900390625,16705.25,16203.25,458000.0,16247.9501953125
2022-02-25,16515.650390625,16748.80078125,16478.30078125,329800.0,16658.400390625
2022-02-28,16481.599609375,16815.900390625,16356.2998046875,404200.0,16793.900390625
2022-03-02,16593.099609375,16678.5,16478.650390625,517700.0,16605.94921875
2022-03-03,16723.19921875,16768.94921875,16442.94921875,442100.0,16498.05078125
2022-03-04,16339.4501953125,16456.0,16133.7998046875,456100.0,16245.349609375
2022-03-07,15867.9501953125,15944.599609375,15711.4501953125,585400.0,15863.150390625
2022-03-08,15747.75,16028.75,15671.4501953125,543600.0,16013.4501953125
2022-03-09,16078.0,16418.05078125,15990.0,462200.0,16345.349609375
2022-03-10,16757.099609375,16757.30078125,16447.900390625,486400.0,16594.900390625
2022-03-11,16528.80078125,16694.400390625,16470.900390625,343700.0,16630.44921875
2022-03-14,16633.69921875,16887.94921875,16606.5,314700.0,16871.30078125
2022-03-15,16900.650390625,16927.75,16555.0,381600.0,16663.0
2022-03-16,16876.650390625,16987.900390625,16837.849609375,260000.0,16975.349609375
2022-03-17,17202.900390625,17344.599609375,17175.75,448300.0,17287.05078125
2022-03-21,17329.5,17353.349609375,17096.400390625,285500.0,17117.599609375
2022-03-22,17120.400390625,17334.400390625,17006.30078125,338300.0,17315.5
2022-03-23,17405.05078125,17442.400390625,17199.599609375,292100.0,17245.650390625
2022-03-24,17094.94921875,17291.75,17091.150390625,290300.0,17222.75
2022-03-25,17289.0,17294.900390625,17076.55078125,237100.0,17153.0
2022-03-28,17181.849609375,17235.099609375,17003.900390625,253200.0,17222.0
2022-03-29,17297.19921875,17343.650390625,17235.69921875,235100.0,17325.30078125
2022-03-30,17468.150390625,17522.5,17387.19921875,505000.0,17498.25
2022-03-31,17519.19921875,17559.80078125,17435.19921875,281100.0,17464.75
2022-04-01,17436.900390625,17703.69921875,17422.69921875,291800.0,17670.44921875
2022-04-04,17809.099609375,18114.650390625,17791.400390625,345500.0,18053.400390625
2022-04-05,18080.599609375,18095.44921875,17921.55078125,283500.0,17957.400390625
2022-04-06,17842.75,17901.0,17779.849609375,328800.0,17807.650390625
2022-04-07,17723.30078125,17787.5,17623.69921875,308800.0,17639.55078125
2022-04-08,17698.150390625,17842.75,17600.55078125,274400.0,17784.349609375
2022-04-11,17740.900390625,17779.05078125,17650.94921875,251700.0,17674.94921875
2022-04-12,17584.849609375,17595.30078125,17442.349609375,266000.0,17530.30078125
2022-04-13,17599.900390625,17663.650390625,17457.400390625,245100.0,17475.650390625
2022-04-18,17183.44921875,17237.75,17067.849609375,376100.0,17173.650390625
2022-04-19,17258.94921875,17275.650390625,16824.69921875,401400.0,16958.650390625
2022-04-20,17045.25,17186.900390625,16978.94921875,286100.0,17136.55078125
2022-04-21,17234.599609375,17414.69921875,17215.5,285200.0,17392.599609375
2022-04-22,17242.75,17315.30078125,17149.19921875,262700.0,17171.94921875
2022-04-25,17009.05078125,17054.30078125,16888.69921875,275700.0,16953.94921875
2022-04-26,17121.30078125,17223.849609375,17064.44921875,261100.0,17200.80078125
2022-04-27,17073.349609375,17110.69921875,16958.44921875,265100.0,17038.400390625
2022-04-28,17189.5,17322.5,17071.05078125,312900.0,17245.05078125
2022-04-29,17329.25,17377.650390625,17053.25,336200.0,17102.55078125
2022-05-02,16924.44921875,17092.25,16917.25,278200.0,17069.099609375
2022-05-04,17096.599609375,17132.849609375,16623.94921875,310600.0,16677.599609375
2022-05-05,16854.75,16945.69921875,16651.849609375,265800.0,16682.650390625
2022-05-06,16415.55078125,16484.19921875,16340.900390625,300500.0,16411.25
2022-05-09,16227.7001953125,16403.69921875,16142.099609375,288400.0,16301.849609375
2022-05-10,16248.900390625,16404.55078125,16197.2998046875,283100.0,16240.0498046875
2022-05-11,16270.0498046875,16318.75,15992.599609375,284300.0,16167.099609375
2022-05-12,16021.099609375,16041.9501953125,15735.75,314900.0,15808.0
2022-05-13,15977.0,16083.599609375,15740.849609375,369100.0,15782.150390625
2022-05-16,15845.099609375,15977.9501953125,15739.650390625,217600.0,15842.2998046875
2022-05-17,15912.599609375,16284.25,15900.7998046875,295700.0,16259.2998046875
2022-05-18,16318.150390625,16399.80078125,16211.2001953125,290400.0,16240.2998046875
2022-05-19,15917.400390625,15984.75,15775.2001953125,313900.0,15809.400390625
2022-05-20,16043.7998046875,16283.0498046875,16003.849609375,252400.0,16266.150390625
2022-05-23,16290.9501953125,16414.69921875,16185.75,293800.0,16214.7001953125
2022-05-24,16225.5498046875,16262.7998046875,16078.599609375,249800.0,16125.150390625
2022-05-25,16196.349609375,16223.349609375,16006.9501953125,243300.0,16025.7998046875
2022-05-26,16105.0,16204.4501953125,15903.7001953125,314300.0,16170.150390625
2022-05-27,16296.599609375,16370.599609375,16221.9501953125,274100.0,16352.4501953125
2022-05-30,16527.900390625,16695.5,16506.150390625,251400.0,16661.400390625
2022-05-31,16578.44921875,16690.75,16521.900390625,651600.0,16584.55078125
2022-06-01,16594.400390625,16649.19921875,16438.849609375,249600.0,16522.75
2022-06-02,16481.650390625,16646.400390625,16443.05078125,236000.0,16628.0
2022-06-03,16761.650390625,16793.849609375,16567.900390625,245500.0,16584.30078125
2022-06-06,16530.69921875,16610.94921875,16444.55078125,233600.0,16569.55078125
2022-06-07,16469.599609375,16487.25,16347.099609375,233800.0,16416.349609375
2022-06-08,16474.94921875,16514.30078125,16293.349609375,243500.0,16356.25
2022-06-09,16263.849609375,16492.80078125,16243.849609375,205000.0,16478.099609375
2022-06-10,16283.9501953125,16324.7001953125,16172.599609375,189700.0,16201.7998046875
2022-06-13,15877.5498046875,15886.150390625,15684.0,225500.0,15774.400390625
2022-06-14,15674.25,15858.0,15659.4501953125,225400.0,15732.099609375
2022-06-15,15729.25,15783.650390625,15678.900390625,183000.0,15692.150390625
2022-06-16,15832.25,15863.150390625,15335.099609375,264700.0,15360.599609375
2022-06-17,15272.650390625,15400.400390625,15183.400390625,342600.0,15293.5
2022-06-20,15334.5,15382.5,15191.099609375,260000.0,15350.150390625
2022-06-21,15455.9501953125,15707.25,15419.849609375,262800.0,15638.7998046875
2022-06-22,15545.650390625,15565.400390625,15385.9501953125,220900.0,15413.2998046875
2022-06-23,15451.5498046875,15628.4501953125,15367.5,259200.0,15556.650390625
2022-06-24,15657.400390625,15749.25,15619.4501953125,219600.0,15699.25
2022-06-27,15926.2001953125,15927.4501953125,15815.5,210900.0,15832.0498046875
2022-06-28,15757.4501953125,15892.099609375,15710.150390625,251900.0,15850.2001953125
2022-06-29,15701.7001953125,15861.599609375,15687.7998046875,444900.0,15799.099609375
2022-06-30,15774.5,15890.0,15728.849609375,306000.0,15780.25
2022-07-01,15703.7001953125,15793.9501953125,15511.0498046875,364100.0,15752.0498046875
2022-07-04,15710.5,15852.349609375,15661.7998046875,304300.0,15835.349609375
2022-07-05,15909.150390625,16025.75,15785.4501953125,254200.0,15810.849609375
2022-07-06,15818.2001953125,16011.349609375,15800.900390625,288400.0,15989.7998046875
2022-07-07,16113.75,16150.5,16045.9501953125,264600.0,16132.900390625
2022-07-08,16273.650390625,16275.5,16157.900390625,281100.0,16220.599609375
2022-07-11,16136.150390625,16248.5498046875,16115.5,255900.0,16216.0
2022-07-12,16126.2001953125,16158.75,16031.150390625,208600.0,16058.2998046875
2022-07-13,16128.2001953125,16140.0,15950.150390625,233300.0,15966.650390625
2022-07-14,16018.849609375,16070.849609375,15858.2001953125,228600.0,15938.650390625
2022-07-15,16010.7998046875,16066.9501953125,15927.2998046875,205800.0,16049.2001953125
2022-07-18,16151.400390625,16287.9501953125,16142.2001953125,227700.0,16278.5
2022-07-19,16187.0498046875,16359.5,16187.0498046875,222600.0,16340.5498046875
2022-07-20,16562.80078125,16588.0,16490.94921875,284400.0,16520.849609375
2022-07-21,16523.55078125,16626.94921875,16483.900390625,243600.0,16605.25
2022-07-22,16661.25,16752.25,16610.900390625,190900.0,16719.44921875
2022-07-25,16662.55078125,16706.05078125,16564.25,211400.0,16631.0
2022-07-26,16632.900390625,16636.099609375,16463.30078125,208200.0,16483.849609375
2022-07-27,16475.349609375,16653.44921875,16438.75,185200.0,16641.80078125
2022-07-28,16774.849609375,16947.650390625,16746.25,376300.0,16929.599609375
2022-07-29,17079.5,17172.80078125,17018.150390625,436100.0,17158.25
2022-08-01,17243.19921875,17356.25,17154.80078125,381500.0,17340.05078125
2022-08-02,17310.150390625,17390.150390625,17215.849609375,333600.0,17345.44921875
2022-08-03,17349.25,17407.5,17225.849609375,285400.0,17388.150390625
2022-08-04,17463.099609375,17490.69921875,17161.25,325000.0,17382.0
2022-08-05,17423.650390625,17474.400390625,17348.75,355300.0,17397.5
2022-08-08,17401.5,17548.80078125,17359.75,257000.0,17525.099609375
2022-08-10,17566.099609375,17566.099609375,17442.80078125,312700.0,17534.75
2022-08-11,17711.650390625,17719.30078125,17631.94921875,311200.0,17659.0
2022-08-12,17659.650390625,17724.650390625,17597.849609375,303900.0,17698.150390625
2022-08-16,17797.19921875,17839.099609375,17764.05078125,0.0,17825.25
2022-08-17,17868.150390625,17965.94921875,17833.349609375,262800.0,17944.25
2022-08-18,17898.650390625,17968.44921875,17852.05078125,263900.0,17956.5
2022-08-19,17966.55078125,17992.19921875,17710.75,295600.0,17758.44921875
2022-08-22,17682.900390625,17690.05078125,17467.349609375,287600.0,17490.69921875
2022-08-23,17357.349609375,17625.55078125,17345.19921875,285600.0,17577.5
2022-08-24,17525.44921875,17623.650390625,17499.25,262000.0,17604.94921875
2022-08-25,17679.0,17726.5,17487.44921875,230200.0,17522.44921875
2022-08-26,17619.30078125,17685.849609375,17519.349609375,266600.0,17558.900390625
2022-08-29,17188.650390625,17380.150390625,17166.19921875,244900.0,17312.900390625
2022-08-30,17414.94921875,17777.650390625,17401.5,324700.0,17759.30078125
2022-09-01,17485.69921875,17695.599609375,17468.44921875,308500.0,17542.80078125
2022-09-02,17598.400390625,17643.849609375,17476.44921875,256300.0,17539.44921875
2022-09-05,17546.44921875,17683.150390625,17540.349609375,230300.0,17665.80078125
2022-09-06,17695.69921875,17764.650390625,17587.650390625,251200.0,17655.599609375
2022-09-07,17519.400390625,17650.75,17484.30078125,354100.0,17624.400390625
2022-09-08,17748.150390625,17807.650390625,17691.94921875,279800.0,17798.75
2022-09-09,17923.349609375,17925.94921875,17786.0,270300.0,17833.349609375
2022-09-12,17890.849609375,17980.55078125,17889.150390625,228200.0,17936.349609375
2022-09-13,18044.44921875,18088.30078125,18015.44921875,259900.0,18070.05078125
2022-09-14,17771.150390625,18091.55078125,17771.150390625,365900.0,18003.75
2022-09-15,18046.349609375,18096.150390625,17861.5,289600.0,17877.400390625
2022-09-16,17796.80078125,17820.05078125,17497.25,468500.0,17530.849609375
2022-09-19,17540.650390625,17667.19921875,17429.69921875,258300.0,17622.25
2022-09-20,17770.400390625,17919.30078125,17744.400390625,263100.0,17816.25
2022-09-21,17766.349609375,17838.69921875,17663.599609375,245500.0,17718.349609375
2022-09-22,17609.650390625,17722.75,17532.44921875,284100.0,17629.80078125
2022-09-23,17593.849609375,17642.150390625,17291.650390625,390800.0,17327.349609375
2022-09-26,17156.30078125,17196.400390625,16978.30078125,492000.0,17016.30078125
2022-09-27,17110.900390625,17176.44921875,16942.349609375,359900.0,17007.400390625
2022-09-28,16870.55078125,17037.599609375,16820.400390625,323900.0,16858.599609375
2022-09-29,16993.599609375,17026.05078125,16788.599609375,340000.0,16818.099609375
2022-09-30,16798.05078125,17187.099609375,16747.69921875,376100.0,17094.349609375
2022-10-03,17102.099609375,17114.650390625,16855.55078125,278400.0,16887.349609375
2022-10-04,17147.44921875,17287.30078125,17117.30078125,226000.0,17274.30078125
2022-10-06,17379.25,17428.80078125,17315.650390625,265500.0,17331.80078125
2022-10-07,17287.19921875,17337.349609375,17216.94921875,216300.0,17314.650390625
2022-10-10,17094.349609375,17280.150390625,17064.69921875,234000.0,17241.0
2022-10-11,17256.05078125,17261.80078125,16950.30078125,282600.0,16983.55078125
2022-10-12,17025.55078125,17142.349609375,16960.05078125,256000.0,17123.599609375
2022-10-13,17087.349609375,17112.349609375,16956.94921875,266400.0,17014.349609375
2022-10-14,17322.30078125,17348.55078125,17169.75,227000.0,17185.69921875
2022-10-17,17144.80078125,17328.55078125,17098.55078125,212200.0,17311.80078125
2022-10-18,17438.75,17527.80078125,17434.05078125,239500.0,17486.94921875
2022-10-19,17568.150390625,17607.599609375,17472.849609375,210500.0,17512.25
2022-10-20,17423.099609375,17584.150390625,17421.0,249600.0,17563.94921875
2022-10-21,17622.849609375,17670.150390625,17520.75,277700.0,17576.30078125
2022-10-25,17736.349609375,17777.55078125,17707.400390625,45000.0,17730.75
2022-10-27,17808.30078125,17811.5,17637.0,251400.0,17656.349609375
2022-10-28,17771.400390625,17783.900390625,17654.5,324600.0,17736.94921875
2022-10-31,17756.400390625,17838.900390625,17723.69921875,250000.0,17786.80078125
2022-11-01,17910.19921875,18022.80078125,17899.900390625,227200.0,18012.19921875
2022-11-02,18130.69921875,18175.80078125,18060.150390625,349900.0,18145.400390625
2022-11-03,18177.900390625,18178.75,18048.650390625,270900.0,18082.849609375
2022-11-04,17968.349609375,18106.30078125,17959.19921875,213000.0,18052.69921875
2022-11-07,18053.400390625,18135.099609375,18017.150390625,267900.0,18117.150390625
2022-11-09,18211.75,18255.5,18064.75,314800.0,18202.80078125
2022-11-10,18288.25,18296.400390625,18117.5,307200.0,18157.0
2022-11-11,18044.349609375,18103.099609375,17969.400390625,256500.0,18028.19921875
2022-11-14,18272.349609375,18362.30078125,18259.349609375,378500.0,18349.69921875
2022-11-15,18376.400390625,18399.44921875,18311.400390625,301400.0,18329.150390625
2022-11-16,18362.75,18427.94921875,18282.0,250900.0,18403.400390625
2022-11-17,18398.25,18442.150390625,18344.150390625,219300.0,18409.650390625
2022-11-18,18358.69921875,18417.599609375,18312.94921875,200500.0,18343.900390625
2022-11-21,18382.94921875,18394.599609375,18209.80078125,198800.0,18307.650390625
2022-11-22,18246.400390625,18262.30078125,18133.349609375,213800.0,18159.94921875
2022-11-23,18179.150390625,18261.849609375,18137.69921875,177700.0,18244.19921875
2022-11-24,18325.19921875,18325.400390625,18246.0,178800.0,18267.25
2022-11-25,18326.099609375,18529.69921875,18294.25,204000.0,18484.099609375
2022-11-28,18528.44921875,18534.900390625,18445.099609375,205900.0,18512.75
2022-11-29,18430.55078125,18614.25,18365.599609375,206500.0,18562.75
2022-11-30,18552.44921875,18678.099609375,18552.150390625,195300.0,18618.05078125
2022-12-01,18625.69921875,18816.05078125,18616.55078125,345600.0,18758.349609375
2022-12-02,18871.94921875,18887.599609375,18778.19921875,325000.0,18812.5
2022-12-05,18752.400390625,18781.94921875,18639.19921875,254400.0,18696.099609375
2022-12-06,18719.55078125,18728.599609375,18591.349609375,288400.0,18701.05078125
2022-12-07,18600.650390625,18654.900390625,18577.900390625,217800.0,18642.75
2022-12-08,18638.849609375,18668.30078125,18528.400390625,200500.0,18560.5
2022-12-09,18570.849609375,18625.0,18536.94921875,202800.0,18609.349609375
2022-12-12,18662.400390625,18664.69921875,18410.099609375,215800.0,18496.599609375
2022-12-13,18402.150390625,18521.55078125,18345.69921875,193900.0,18497.150390625
2022-12-14,18524.400390625,18617.25,18490.19921875,187600.0,18608.0
2022-12-15,18671.25,18696.099609375,18632.900390625,208000.0,18660.30078125
2022-12-16,18614.400390625,18652.900390625,18387.69921875,183100.0,18414.900390625
2022-12-19,18319.099609375,18440.94921875,18255.150390625,277700.0,18269.0
2022-12-20,18288.099609375,18431.650390625,18244.55078125,154800.0,18420.44921875
2022-12-21,18340.30078125,18404.900390625,18202.650390625,169000.0,18385.30078125
2022-12-22,18435.150390625,18473.349609375,18162.75,187600.0,18199.099609375
2022-12-23,18288.80078125,18318.75,18068.599609375,195700.0,18127.349609375
2022-12-26,17977.650390625,18050.44921875,17779.5,221500.0,17806.80078125
2022-12-27,17830.400390625,18084.099609375,17774.25,176700.0,18014.599609375
2022-12-28,18089.80078125,18149.25,17967.44921875,214300.0,18132.30078125
2022-12-29,18084.75,18173.099609375,18068.349609375,193900.0,18122.5
2022-12-30,18045.69921875,18229.69921875,17992.80078125,281100.0,18191.0
2023-01-02,18259.099609375,18265.25,18080.30078125,192000.0,18105.30078125
2023-01-03,18131.69921875,18215.150390625,18086.5,256100.0,18197.44921875
2023-01-04,18163.19921875,18251.94921875,18149.80078125,208700.0,18232.55078125
2023-01-05,18230.650390625,18243.0,18020.599609375,235200.0,18042.94921875
2023-01-06,18101.94921875,18120.30078125,17892.599609375,269900.0,17992.150390625
2023-01-09,18008.05078125,18047.400390625,17795.55078125,238200.0,17859.44921875
2023-01-10,17952.55078125,18141.400390625,17936.150390625,257200.0,18101.19921875
2023-01-11,18121.30078125,18127.599609375,17856.0,283300.0,17914.150390625
2023-01-12,17924.25,17976.349609375,17824.349609375,259900.0,17895.69921875
2023-01-13,17920.849609375,17945.80078125,17761.650390625,227800.0,17858.19921875
2023-01-16,17867.5,17999.349609375,17774.25,256700.0,17956.599609375
2023-01-17,18033.150390625,18049.650390625,17853.650390625,206200.0,17894.849609375
2023-01-18,17922.80078125,18072.05078125,17886.94921875,219100.0,18053.30078125
2023-01-19,18074.30078125,18183.75,18032.44921875,255800.0,18165.349609375
2023-01-20,18119.80078125,18155.19921875,18063.75,237800.0,18107.849609375
2023-01-23,18115.599609375,18145.44921875,18016.19921875,237200.0,18027.650390625
2023-01-24,18118.44921875,18162.599609375,18063.44921875,202500.0,18118.55078125
2023-01-25,18183.94921875,18201.25,18078.650390625,216900.0,18118.30078125
2023-01-27,18093.349609375,18100.599609375,17846.150390625,257200.0,17891.94921875
2023-01-30,17877.19921875,17884.75,17493.55078125,476300.0,17604.349609375
2023-01-31,17541.94921875,17709.150390625,17405.55078125,432400.0,17648.94921875
2023-02-01,17731.44921875,17735.69921875,17537.55078125,398300.0,17662.150390625
2023-02-02,17811.599609375,17972.19921875,17353.400390625,512900.0,17616.30078125
2023-02-03,17517.099609375,17653.900390625,17445.94921875,490100.0,17610.400390625
2023-02-06,17721.75,17870.30078125,17584.19921875,424100.0,17854.05078125
2023-02-07,17818.55078125,17823.69921875,17698.349609375,282500.0,17764.599609375
2023-02-08,17790.099609375,17811.150390625,17652.55078125,354400.0,17721.5
2023-02-09,17750.30078125,17898.69921875,17744.150390625,291000.0,17871.69921875
2023-02-10,17885.5,17916.900390625,17779.80078125,260900.0,17893.44921875
2023-02-13,17847.55078125,17876.94921875,17801.0,232000.0,17856.5
2023-02-14,17859.099609375,17880.69921875,17719.75,231300.0,17770.900390625
2023-02-15,17840.349609375,17954.55078125,17800.05078125,244500.0,17929.849609375
2023-02-16,17896.599609375,18034.099609375,17853.80078125,229300.0,18015.849609375
2023-02-17,18094.75,18134.75,18000.650390625,230200.0,18035.849609375
2023-02-20,17974.849609375,18034.25,17884.599609375,208100.0,17944.19921875
2023-02-21,17965.55078125,18004.349609375,17818.400390625,174600.0,17844.599609375
2023-02-22,17905.80078125,17924.900390625,17800.30078125,198200.0,17826.69921875
2023-02-23,17755.349609375,17772.5,17529.44921875,204000.0,17554.30078125
2023-02-24,17574.650390625,17620.05078125,17455.400390625,240800.0,17511.25
2023-02-27,17591.349609375,17599.75,17421.80078125,209400.0,17465.80078125
2023-02-28,17428.599609375,17451.599609375,17299.0,246400.0,17392.69921875
2023-03-01,17383.25,17440.44921875,17255.19921875,420900.0,17303.94921875
2023-03-02,17360.099609375,17467.75,17345.25,272900.0,17450.900390625
2023-03-03,17421.5,17445.80078125,17306.0,310700.0,17321.900390625
2023-03-06,17451.25,17644.75,17427.69921875,356200.0,17594.349609375
2023-03-08,17680.349609375,17799.94921875,17671.94921875,362800.0,17711.44921875
2023-03-09,17665.75,17766.5,17602.25,267000.0,17754.400390625
2023-03-10,17772.05078125,17772.349609375,17573.599609375,262400.0,17589.599609375
2023-03-13,17443.80078125,17451.5,17324.349609375,235900.0,17412.900390625
2023-03-14,17421.900390625,17529.900390625,17113.44921875,254900.0,17154.30078125
2023-03-15,17160.55078125,17224.650390625,16987.099609375,290600.0,17043.30078125
2023-03-16,17166.44921875,17211.349609375,16938.900390625,248200.0,16972.150390625
2023-03-17,16994.650390625,17062.44921875,16850.150390625,349800.0,16985.599609375
2023-03-20,17111.80078125,17145.80078125,16958.150390625,408100.0,17100.05078125
2023-03-21,17066.599609375,17066.599609375,16828.349609375,241800.0,16988.400390625
2023-03-22,17060.400390625,17127.69921875,17016.0,246700.0,17107.5
2023-03-23,17177.44921875,17207.25,17107.849609375,0.0,17151.900390625
2023-03-24,17097.400390625,17205.400390625,17045.30078125,219200.0,17076.900390625
2023-03-27,17076.19921875,17109.44921875,16917.349609375,228000.0,16945.05078125
2023-03-28,16984.30078125,17091.0,16918.55078125,218400.0,16985.69921875
2023-03-29,17031.75,17061.75,16913.75,238800.0,16951.69921875
2023-03-31,16977.30078125,17126.150390625,16940.599609375,345900.0,17080.69921875
2023-04-03,17210.349609375,17381.599609375,17204.650390625,263900.0,17359.75
2023-04-05,17427.94921875,17428.05078125,17312.75,230200.0,17398.05078125
2023-04-06,17422.30078125,17570.55078125,17402.69921875,248300.0,17557.05078125
2023-04-10,17533.849609375,17638.69921875,17502.849609375,242700.0,17599.150390625
2023-04-11,17634.900390625,17694.099609375,17597.94921875,254800.0,17624.05078125
2023-04-12,17704.80078125,17748.75,17655.150390625,304300.0,17722.30078125
2023-04-13,17759.55078125,17825.75,17717.25,232800.0,17812.400390625
2023-04-17,17807.30078125,17842.150390625,17729.650390625,285800.0,17828.0
2023-04-18,17863.0,17863.0,17574.05078125,357400.0,17706.849609375
2023-04-19,17766.599609375,17766.599609375,17610.19921875,258900.0,17660.150390625
2023-04-20,17653.349609375,17666.150390625,17579.849609375,281500.0,17618.75
2023-04-21,17638.599609375,17684.44921875,17584.349609375,215100.0,17624.44921875
2023-04-24,17639.75,17663.19921875,17553.94921875,230200.0,17624.05078125
2023-04-25,17707.55078125,17754.5,17612.5,255700.0,17743.400390625
2023-04-26,17761.55078125,17807.44921875,17716.849609375,297400.0,17769.25
2023-04-27,17767.30078125,17827.75,17711.19921875,233000.0,17813.599609375
2023-04-28,17813.099609375,17931.599609375,17797.900390625,241400.0,17915.05078125
2023-05-02,17950.400390625,18089.150390625,17885.30078125,290300.0,18065.0
2023-05-03,18124.80078125,18180.25,18101.75,265200.0,18147.650390625
2023-05-04,18113.80078125,18116.349609375,18042.400390625,226200.0,18089.849609375
2023-05-05,18081.0,18267.44921875,18066.69921875,226600.0,18255.80078125
2023-05-08,18117.30078125,18216.94921875,18055.44921875,239700.0,18069.0
2023-05-09,18120.599609375,18286.94921875,18100.30078125,228400.0,18264.400390625
2023-05-10,18303.400390625,18344.19921875,18229.650390625,245400.0,18265.94921875
2023-05-11,18313.599609375,18326.75,18211.94921875,220500.0,18315.099609375
2023-05-12,18357.80078125,18389.69921875,18270.400390625,248900.0,18297.0
2023-05-15,18273.75,18342.75,18194.55078125,241700.0,18314.80078125
2023-05-16,18339.30078125,18458.900390625,18287.900390625,216100.0,18398.849609375
2023-05-17,18432.349609375,18432.349609375,18264.349609375,219500.0,18286.5
2023-05-18,18300.44921875,18309.0,18115.349609375,229900.0,18181.75
2023-05-19,18287.5,18297.19921875,18104.849609375,272100.0,18129.94921875
2023-05-22,18186.150390625,18218.099609375,18060.400390625,260900.0,18203.400390625
2023-05-23,18201.099609375,18335.25,18178.849609375,262600.0,18314.400390625
2023-05-24,18362.900390625,18419.75,18324.19921875,270400.0,18348.0
2023-05-25,18294.80078125,18392.599609375,18262.94921875,232600.0,18285.400390625
2023-05-26,18268.900390625,18338.099609375,18202.400390625,235900.0,18321.150390625
2023-05-29,18368.349609375,18508.55078125,18333.150390625,198700.0,18499.349609375
2023-05-30,18619.150390625,18641.19921875,18581.25,265300.0,18598.650390625
2023-05-31,18606.650390625,18662.44921875,18575.5,234400.0,18633.849609375
2023-06-01,18594.19921875,18603.900390625,18483.849609375,696500.0,18534.400390625
2023-06-02,18579.400390625,18580.30078125,18464.55078125,265600.0,18487.75
2023-06-05,18550.849609375,18573.69921875,18478.400390625,270900.0,18534.099609375
2023-06-06,18612.0,18640.150390625,18582.80078125,256100.0,18593.849609375
2023-06-07,18600.80078125,18622.75,18531.599609375,220800.0,18599.0
2023-06-08,18665.599609375,18738.94921875,18636.0,260100.0,18726.400390625
2023-06-09,18725.349609375,18777.900390625,18615.599609375,286500.0,18634.55078125
2023-06-12,18655.900390625,18676.650390625,18555.400390625,221800.0,18563.400390625
2023-06-13,18595.05078125,18633.599609375,18559.75,179500.0,18601.5
2023-06-14,18631.80078125,18728.900390625,18631.80078125,233200.0,18716.150390625
2023-06-15,18744.599609375,18769.69921875,18690.0,261400.0,18755.900390625
2023-06-16,18774.44921875,18794.099609375,18669.05078125,263000.0,18688.099609375
2023-06-19,18723.30078125,18864.69921875,18710.5,272800.0,18826.0
2023-06-20,18873.30078125,18881.44921875,18719.150390625,219800.0,18755.44921875
2023-06-21,18752.349609375,18839.69921875,18660.650390625,211600.0,18816.69921875
2023-06-22,18849.400390625,18875.900390625,18794.849609375,217500.0,18856.849609375
2023-06-23,18853.599609375,18886.599609375,18759.5,252700.0,18771.25
2023-06-26,18741.849609375,18756.400390625,18647.099609375,210600.0,18665.5
2023-06-27,18682.349609375,18722.05078125,18646.69921875,171300.0,18691.19921875
2023-06-28,18748.55078125,18829.25,18714.25,222500.0,18817.400390625
2023-06-30,18908.150390625,19011.25,18861.349609375,398800.0,18972.099609375
2023-07-03,19076.849609375,19201.69921875,19024.599609375,247900.0,19189.05078125
2023-07-04,19246.5,19345.099609375,19234.400390625,226100.0,19322.55078125
2023-07-05,19406.599609375,19434.150390625,19300.0,226900.0,19389.0
2023-07-06,19405.94921875,19421.599609375,19339.599609375,224400.0,19398.5
2023-07-07,19385.69921875,19512.19921875,19373.0,268300.0,19497.30078125
2023-07-10,19422.80078125,19523.599609375,19303.599609375,237100.0,19331.80078125
2023-07-11,19400.349609375,19435.849609375,19327.099609375,268200.0,19355.900390625
2023-07-12,19427.099609375,19515.099609375,19406.44921875,251300.0,19439.400390625
2023-07-13,19497.44921875,19507.69921875,19361.75,327900.0,19384.30078125
2023-07-14,19495.19921875,19567.0,19385.80078125,310400.0,19413.75
2023-07-17,19493.44921875,19595.349609375,19433.5,291200.0,19564.5
2023-07-18,19612.150390625,19731.849609375,19562.94921875,268700.0,19711.44921875
2023-07-19,19787.5,19819.44921875,19690.19921875,286400.0,19749.25
2023-07-20,19802.94921875,19851.69921875,19727.44921875,259700.0,19833.150390625
2023-07-21,19831.69921875,19991.849609375,19758.400390625,274700.0,19979.150390625
2023-07-24,19800.44921875,19887.400390625,19700.0,312500.0,19745.0
2023-07-25,19748.44921875,19782.75,19658.30078125,265600.0,19672.349609375
2023-07-26,19729.349609375,19729.349609375,19615.94921875,369700.0,19680.599609375
2023-07-27,19733.349609375,19825.599609375,19716.69921875,244700.0,19778.30078125
2023-07-28,19850.900390625,19867.55078125,19603.55078125,334900.0,19659.900390625
2023-07-31,19659.75,19695.900390625,19563.099609375,258700.0,19646.05078125
2023-08-01,19666.349609375,19772.75,19597.599609375,295100.0,19753.80078125
2023-08-02,19784.0,19795.599609375,19704.599609375,298000.0,19733.55078125
2023-08-03,19655.400390625,19678.25,19423.55078125,290700.0,19526.55078125
2023-08-04,19463.75,19537.650390625,19296.44921875,315700.0,19381.650390625
2023-08-07,19462.80078125,19538.849609375,19436.44921875,280800.0,19517.0
2023-08-08,19576.849609375,19620.44921875,19524.80078125,216600.0,19597.30078125
2023-08-09,19627.19921875,19634.400390625,19533.099609375,260300.0,19570.849609375
2023-08-10,19578.80078125,19645.5,19467.5,266500.0,19632.55078125
2023-08-11,19605.55078125,19623.599609375,19495.400390625,312200.0,19543.099609375
2023-08-14,19554.25,19557.75,19412.75,235500.0,19428.30078125
2023-08-16,19383.94921875,19465.849609375,19257.900390625,243900.0,19434.55078125
2023-08-17,19369.0,19482.75,19317.19921875,0.0,19465.0
2023-08-18,19450.55078125,19461.55078125,19326.25,268700.0,19365.25
2023-08-21,19301.75,19373.80078125,19253.599609375,256100.0,19310.150390625
2023-08-22,19320.650390625,19425.94921875,19296.30078125,262600.0,19393.599609375
2023-08-23,19417.099609375,19443.5,19381.30078125,208700.0,19396.44921875
2023-08-24,19439.19921875,19472.05078125,19366.599609375,225200.0,19444.0
2023-08-25,19535.150390625,19584.44921875,19369.0,268300.0,19386.69921875
2023-08-28,19297.400390625,19339.55078125,19229.69921875,466500.0,19265.80078125
2023-08-29,19298.349609375,19366.849609375,19249.69921875,248200.0,19306.05078125
2023-08-30,19374.849609375,19377.900390625,19309.099609375,307400.0,19342.650390625
2023-08-31,19433.44921875,19452.80078125,19334.75,233000.0,19347.44921875
2023-09-01,19375.55078125,19388.19921875,19223.650390625,562600.0,19253.80078125
2023-09-04,19258.150390625,19458.55078125,19255.69921875,333000.0,19435.30078125
2023-09-05,19525.05078125,19545.150390625,19432.849609375,296800.0,19528.80078125
2023-09-06,19564.650390625,19587.05078125,19525.75,256800.0,19574.900390625
2023-09-07,19581.19921875,19636.44921875,19491.5,287600.0,19611.05078125
2023-09-08,19598.650390625,19737.0,19550.05078125,304900.0,19727.05078125
2023-09-11,19774.80078125,19867.150390625,19727.05078125,288100.0,19819.94921875
2023-09-12,19890.0,20008.150390625,19865.349609375,248800.0,19996.349609375
2023-09-13,20110.150390625,20110.349609375,19914.650390625,328100.0,19993.19921875
2023-09-14,19989.5,20096.900390625,19944.099609375,251400.0,20070.0
2023-09-15,20127.94921875,20167.650390625,20043.44921875,275100.0,20103.099609375
2023-09-18,20156.44921875,20222.44921875,20129.69921875,438200.0,20192.349609375
2023-09-20,20155.94921875,20195.349609375,20115.69921875,264900.0,20133.30078125
2023-09-21,19980.75,20050.650390625,19878.849609375,378100.0,19901.400390625
2023-09-22,19840.55078125,19848.75,19709.94921875,275100.0,19742.349609375
2023-09-25,19744.849609375,19798.650390625,19657.5,246400.0,19674.25
2023-09-26,19678.19921875,19734.150390625,19601.55078125,188400.0,19674.55078125
2023-09-27,19682.80078125,19699.349609375,19637.44921875,204900.0,19664.69921875
2023-09-28,19637.05078125,19730.69921875,19554.0,203600.0,19716.44921875
2023-09-29,19761.80078125,19766.650390625,19492.099609375,352800.0,19523.55078125
2023-10-03,19581.19921875,19726.25,19551.05078125,243500.0,19638.30078125
2023-10-04,19622.400390625,19623.19921875,19479.650390625,221700.0,19528.75
2023-10-05,19446.30078125,19457.80078125,19333.599609375,277100.0,19436.099609375
2023-10-06,19521.849609375,19576.94921875,19487.30078125,234900.0,19545.75
2023-10-09,19621.19921875,19675.75,19589.400390625,159100.0,19653.5
2023-10-10,19539.44921875,19588.94921875,19480.5,165100.0,19512.349609375
2023-10-11,19565.599609375,19717.80078125,19565.44921875,216600.0,19689.849609375
2023-10-12,19767.0,19839.19921875,19756.94921875,213700.0,19811.349609375
2023-10-13,19822.69921875,19843.30078125,19772.650390625,217900.0,19794.0
2023-10-16,19654.55078125,19805.400390625,19635.30078125,255000.0,19751.05078125
2023-10-17,19737.25,19781.30078125,19691.849609375,181000.0,19731.75
2023-10-18,19843.19921875,19849.75,19775.650390625,185800.0,19811.5
2023-10-19,19820.44921875,19840.94921875,19659.94921875,198900.0,19671.099609375
2023-10-20,19545.19921875,19681.80078125,19512.349609375,230300.0,19624.69921875
2023-10-23,19542.150390625,19593.80078125,19518.69921875,198300.0,19542.650390625
2023-10-25,19521.599609375,19556.849609375,19257.849609375,176000.0,19281.75
2023-10-26,19286.44921875,19347.30078125,19074.150390625,225300.0,19122.150390625
2023-10-27,19027.25,19041.69921875,18837.849609375,300400.0,18857.25
2023-10-30,18928.75,19076.150390625,18926.650390625,205200.0,19047.25
2023-10-31,19053.400390625,19158.5,18940.0,180100.0,19140.900390625
2023-11-01,19232.94921875,19233.69921875,19056.44921875,206000.0,19079.599609375
2023-11-02,19064.05078125,19096.05078125,18973.69921875,194100.0,18989.150390625
2023-11-03,19120.0,19175.25,19064.150390625,245600.0,19133.25
2023-11-06,19241.0,19276.25,19210.900390625,189500.0,19230.599609375
2023-11-07,19345.849609375,19423.0,19309.69921875,180700.0,19411.75
2023-11-08,19404.05078125,19423.5,19329.099609375,198700.0,19406.69921875
2023-11-09,19449.599609375,19464.400390625,19401.5,195000.0,19443.5
2023-11-10,19457.400390625,19463.900390625,19378.349609375,208400.0,19395.30078125
2023-11-13,19351.849609375,19451.30078125,19329.44921875,152200.0,19425.349609375
2023-11-15,19486.75,19494.400390625,19414.75,189300.0,19443.55078125
2023-11-16,19651.400390625,19693.19921875,19579.650390625,291500.0,19675.44921875
2023-11-17,19674.69921875,19875.25,19627.0,282700.0,19765.19921875
2023-11-20,19674.75,19806.0,19667.44921875,236800.0,19731.80078125
2023-11-21,19731.150390625,19756.44921875,19670.5,173800.0,19694.0
2023-11-22,19770.900390625,19829.099609375,19754.05078125,195000.0,19783.400390625
2023-11-23,19784.0,19825.55078125,19703.849609375,184500.0,19811.849609375
2023-11-24,19828.44921875,19875.150390625,19786.75,170000.0,19802.0
2023-11-28,19809.599609375,19832.849609375,19768.849609375,145900.0,19794.69921875
2023-11-29,19844.650390625,19916.849609375,19800.0,229600.0,19889.69921875
2023-11-30,19976.55078125,20104.650390625,19956.30078125,236200.0,20096.599609375
2023-12-01,20108.5,20158.69921875,20015.849609375,486600.0,20133.150390625
2023-12-04,20194.099609375,20291.55078125,20183.69921875,265800.0,20267.900390625
2023-12-05,20601.94921875,20702.650390625,20507.75,381100.0,20686.80078125
2023-12-06,20808.900390625,20864.05078125,20711.150390625,421000.0,20855.099609375
2023-12-07,20950.75,20961.94921875,20852.150390625,359200.0,20937.69921875
2023-12-08,20932.400390625,20941.25,20850.80078125,275000.0,20901.150390625
2023-12-11,20934.099609375,21006.099609375,20862.69921875,292400.0,20969.400390625
2023-12-12,20965.30078125,21026.099609375,20923.69921875,212900.0,20997.099609375
2023-12-13,21018.55078125,21037.900390625,20867.150390625,244900.0,20906.400390625
2023-12-14,20929.75,20950.0,20769.5,260300.0,20926.349609375
2023-12-15,21110.400390625,21210.900390625,21074.44921875,334400.0,21182.69921875
2023-12-18,21287.44921875,21492.30078125,21235.30078125,508800.0,21456.650390625
2023-12-19,21434.80078125,21482.80078125,21365.349609375,249700.0,21418.650390625
2023-12-20,21477.650390625,21505.05078125,21337.75,249800.0,21453.099609375
2023-12-21,21543.5,21593.0,21087.349609375,363900.0,21150.150390625
2023-12-22,21033.94921875,21288.349609375,20976.80078125,277500.0,21255.05078125
2023-12-26,21295.849609375,21390.5,21232.44921875,284700.0,21349.400390625
2023-12-27,21365.19921875,21477.150390625,21329.44921875,219500.0,21441.349609375
2023-12-28,21497.650390625,21675.75,21495.80078125,256500.0,21654.75
2023-12-29,21715.0,21801.44921875,21678.0,393100.0,21778.69921875
2024-01-01,21737.650390625,21770.30078125,21676.900390625,270900.0,21731.400390625
2024-01-02,21727.75,21834.349609375,21680.849609375,154000.0,21741.900390625
2024-01-03,21751.349609375,21755.599609375,21555.650390625,263700.0,21665.80078125
2024-01-04,21661.099609375,21677.0,21500.349609375,311900.0,21517.349609375
2024-01-05,21605.80078125,21685.650390625,21564.55078125,339200.0,21658.599609375
2024-01-08,21705.75,21749.599609375,21629.19921875,309300.0,21710.80078125
2024-01-09,21747.599609375,21763.94921875,21492.900390625,231500.0,21513.0
2024-01-10,21653.599609375,21724.44921875,21517.849609375,228600.0,21544.849609375
2024-01-11,21529.30078125,21641.849609375,21448.650390625,217000.0,21618.69921875
2024-01-12,21688.0,21726.5,21593.75,212500.0,21647.19921875
2024-01-15,21773.55078125,21928.25,21715.150390625,294700.0,21894.55078125
2024-01-16,22053.150390625,22115.55078125,21963.55078125,345500.0,22097.44921875
2024-01-17,22080.5,22124.150390625,21969.80078125,292400.0,22032.30078125
2024-01-18,21647.25,21851.5,21550.44921875,456000.0,21571.94921875
2024-01-19,21414.19921875,21539.400390625,21285.55078125,387300.0,21462.25
2024-01-23,21615.19921875,21670.599609375,21575.0,343100.0,21622.400390625
2024-01-24,21716.69921875,21750.25,21192.599609375,449700.0,21238.80078125
2024-01-25,21185.25,21482.349609375,21137.19921875,407500.0,21453.94921875
2024-01-29,21454.599609375,21459.0,21247.05078125,418100.0,21352.599609375
2024-01-30,21433.099609375,21763.25,21429.599609375,376700.0,21737.599609375
2024-01-31,21775.75,21813.05078125,21501.80078125,375100.0,21522.099609375
2024-02-01,21487.25,21741.349609375,21448.849609375,410600.0,21725.69921875
2024-02-02,21780.650390625,21832.94921875,21658.75,332500.0,21697.44921875
2024-02-05,21812.75,22126.80078125,21805.55078125,442800.0,21853.80078125
2024-02-06,21921.05078125,21964.30078125,21726.94921875,440800.0,21771.69921875
2024-02-07,21825.19921875,21951.400390625,21737.55078125,371000.0,21929.400390625
2024-02-08,22045.05078125,22053.30078125,21860.150390625,346300.0,21930.5
2024-02-09,22009.650390625,22011.05078125,21665.30078125,491100.0,21717.94921875
2024-02-12,21727.0,21804.44921875,21629.900390625,349200.0,21782.5
2024-02-13,21800.80078125,21831.69921875,21574.75,287400.0,21616.05078125
2024-02-14,21664.30078125,21766.80078125,21543.349609375,365800.0,21743.25
2024-02-15,21578.150390625,21870.849609375,21530.19921875,359100.0,21840.05078125
2024-02-16,21906.55078125,21953.849609375,21794.80078125,345400.0,21910.75
2024-02-19,22020.30078125,22068.650390625,21968.94921875,343900.0,22040.69921875
2024-02-20,22103.44921875,22186.650390625,22021.05078125,0.0,22122.25
2024-02-21,22099.19921875,22215.599609375,22045.849609375,295700.0,22196.94921875
2024-02-22,22248.849609375,22249.400390625,21997.94921875,364500.0,22055.05078125
2024-02-23,22081.55078125,22252.5,21875.25,343500.0,22217.44921875
2024-02-26,22290.0,22297.5,22186.099609375,226000.0,22212.69921875
2024-02-27,22169.19921875,22202.150390625,22075.150390625,207800.0,22122.05078125
2024-02-28,22090.19921875,22218.25,22085.650390625,252200.0,22198.349609375
2024-02-29,22214.099609375,22229.150390625,21915.849609375,203000.0,21951.150390625
2024-03-01,21935.19921875,22060.55078125,21860.650390625,360200.0,21982.80078125
2024-03-04,22048.30078125,22353.30078125,22047.75,351500.0,22338.75
2024-03-05,22403.5,22440.900390625,22358.30078125,298800.0,22405.599609375
2024-03-06,22371.25,22416.900390625,22269.150390625,296200.0,22356.30078125
2024-03-07,22327.5,22497.19921875,22224.349609375,312300.0,22474.05078125
2024-03-11,22505.30078125,22525.650390625,22430.0,379900.0,22493.55078125
2024-03-12,22517.5,22526.599609375,22307.25,277900.0,22332.650390625
2024-03-13,22334.44921875,22452.55078125,22256.0,299200.0,22335.69921875
2024-03-14,22432.19921875,22446.75,21905.650390625,493300.0,21997.69921875
2024-03-15,21982.55078125,22204.599609375,21917.5,426700.0,22146.650390625
2024-03-18,22064.849609375,22120.900390625,21931.69921875,661500.0,22023.349609375
2024-03-19,21990.099609375,22123.69921875,21916.55078125,356300.0,22055.69921875
2024-03-20,21946.44921875,21978.30078125,21793.099609375,344200.0,21817.44921875
2024-03-21,21843.900390625,21930.900390625,21710.19921875,312400.0,21839.099609375
2024-03-22,21989.900390625,22080.94921875,21941.30078125,353200.0,22011.94921875
2024-03-26,21932.19921875,22180.69921875,21883.30078125,388700.0,22096.75
2024-03-27,21947.900390625,22073.19921875,21947.55078125,328400.0,22004.69921875
2024-03-28,22053.94921875,22193.599609375,22052.849609375,409100.0,22123.650390625
2024-04-01,22163.599609375,22516.0,22163.599609375,410500.0,22326.900390625
2024-04-02,22455.0,22529.94921875,22427.75,0.0,22462.0
2024-04-03,22458.80078125,22497.599609375,22388.150390625,289500.0,22453.30078125
2024-04-04,22385.69921875,22521.099609375,22346.5,309600.0,22434.650390625
2024-04-05,22592.099609375,22619.0,22303.80078125,401000.0,22514.650390625
2024-04-08,22486.400390625,22537.599609375,22427.599609375,242200.0,22513.69921875
2024-04-09,22578.349609375,22697.30078125,22550.349609375,227600.0,22666.30078125
2024-04-10,22765.099609375,22768.400390625,22612.25,232400.0,22642.75
2024-04-12,22720.25,22775.69921875,22673.69921875,276800.0,22753.80078125
2024-04-15,22677.400390625,22726.44921875,22503.75,357200.0,22519.400390625
2024-04-16,22339.05078125,22427.44921875,22259.55078125,355500.0,22272.5
2024-04-18,22125.30078125,22213.75,22079.44921875,317300.0,22147.900390625
2024-04-19,22212.349609375,22326.5,21961.69921875,456900.0,21995.849609375
2024-04-22,21861.5,22179.55078125,21777.650390625,362500.0,22147.0
2024-04-23,22336.900390625,22375.650390625,22198.150390625,279300.0,22336.400390625
2024-04-24,22447.05078125,22447.55078125,22349.44921875,231500.0,22368.0
2024-04-25,22421.55078125,22476.44921875,22384.0,235900.0,22402.400390625
2024-04-26,22316.900390625,22625.94921875,22305.25,475000.0,22570.349609375
2024-04-29,22620.400390625,22620.400390625,22385.55078125,329900.0,22419.94921875
2024-04-30,22475.55078125,22655.80078125,22441.900390625,292000.0,22643.400390625
2024-05-02,22679.650390625,22783.349609375,22568.400390625,361900.0,22604.849609375
2024-05-03,22567.849609375,22710.5,22567.849609375,445900.0,22648.19921875
2024-05-06,22766.349609375,22794.69921875,22348.05078125,438100.0,22475.849609375
2024-05-07,22561.599609375,22588.80078125,22409.44921875,320300.0,22442.69921875
2024-05-08,22489.75,22499.05078125,22232.05078125,297800.0,22302.5
2024-05-09,22231.19921875,22368.650390625,22185.19921875,277400.0,22302.5
2024-05-10,22224.80078125,22307.75,21932.400390625,331300.0,21957.5
2024-05-13,21990.94921875,22131.30078125,21950.30078125,265800.0,22055.19921875
2024-05-14,22027.94921875,22131.650390625,21821.05078125,278200.0,22104.05078125
2024-05-15,22112.900390625,22270.05078125,22081.25,230200.0,22217.849609375
2024-05-16,22255.599609375,22297.55078125,22151.75,231900.0,22200.55078125
2024-05-17,22319.19921875,22432.25,22054.55078125,368900.0,22403.849609375
2024-05-21,22415.25,22502.150390625,22345.650390625,242700.0,22466.099609375
2024-05-22,22404.55078125,22591.099609375,22404.55078125,347600.0,22529.05078125
2024-05-23,22576.599609375,22629.5,22483.150390625,290300.0,22597.80078125
2024-05-24,22614.099609375,22993.599609375,22577.44921875,369800.0,22967.650390625
2024-05-27,22930.75,23026.400390625,22908.0,261900.0,22957.099609375
2024-05-28,23038.94921875,23110.80078125,22871.19921875,260000.0,22932.44921875
2024-05-29,22977.150390625,22998.55078125,22858.5,217900.0,22888.150390625
2024-05-30,22762.75,22825.5,22685.44921875,269900.0,22704.69921875
2024-05-31,22617.44921875,22705.75,22417.0,373400.0,22488.650390625
2024-06-03,22568.099609375,22653.75,22465.099609375,572100.0,22530.69921875
2024-06-04,23337.900390625,23338.69921875,23062.30078125,569400.0,23263.900390625
2024-06-05,23179.5,23179.5,21281.44921875,1006100.0,21884.5
2024-06-06,22128.349609375,22670.400390625,21791.94921875,638500.0,22620.349609375
2024-06-07,22798.599609375,22910.150390625,22642.599609375,480400.0,22821.400390625
2024-06-10,22821.849609375,23320.19921875,22789.05078125,473600.0,23290.150390625
2024-06-11,23319.150390625,23411.900390625,23227.150390625,304400.0,23259.19921875
2024-06-12,23283.75,23389.44921875,23206.650390625,305200.0,23264.849609375
2024-06-13,23344.44921875,23441.94921875,23295.94921875,295600.0,23322.94921875
2024-06-14,23480.94921875,23481.05078125,23353.900390625,268300.0,23398.900390625
2024-06-18,23464.94921875,23490.400390625,23334.25,223100.0,23465.599609375
2024-06-19,23570.80078125,23579.05078125,23499.69921875,272200.0,23557.900390625
2024-06-20,23629.849609375,23664.0,23412.900390625,328800.0,23516.0
2024-06-21,23586.150390625,23624.0,23442.599609375,280300.0,23567.0
2024-06-24,23661.150390625,23667.099609375,23398.19921875,609900.0,23501.099609375
2024-06-25,23382.30078125,23558.099609375,23350.0,239400.0,23537.849609375
2024-06-26,23577.099609375,23754.150390625,23562.05078125,298100.0,23721.30078125
2024-06-27,23723.099609375,23889.900390625,23670.44921875,287800.0,23868.80078125
2024-06-28,23881.55078125,24087.44921875,23805.400390625,515200.0,24044.5
2024-07-01,24085.900390625,24174.0,23985.80078125,354800.0,24010.599609375
2024-07-02,23992.94921875,24164.0,23992.69921875,0.0,24141.94921875
2024-07-03,24228.75,24236.349609375,24056.400390625,0.0,24123.849609375
2024-07-04,24291.75,24309.150390625,24207.099609375,0.0,24286.5
2024-07-05,24369.94921875,24401.0,24281.0,251200.0,24302.150390625
2024-07-08,24213.349609375,24363.0,24168.849609375,298400.0,24323.849609375
2024-07-09,24329.44921875,24344.599609375,24240.55078125,266300.0,24320.55078125
2024-07-10,24351.0,24443.599609375,24331.900390625,250500.0,24433.19921875
2024-07-11,24459.849609375,24461.05078125,24141.80078125,292300.0,24324.44921875
2024-07-12,24396.55078125,24402.650390625,24193.75,306400.0,24315.94921875
2024-07-15,24387.94921875,24592.19921875,24331.150390625,325800.0,24502.150390625
2024-07-16,24587.599609375,24635.05078125,24522.75,305400.0,24586.69921875
2024-07-18,24615.900390625,24661.25,24587.650390625,283200.0,24613.0
2024-07-19,24543.80078125,24837.75,24504.44921875,350900.0,24800.849609375
2024-07-22,24853.80078125,24854.80078125,24508.150390625,343800.0,24530.900390625
2024-07-23,24445.75,24595.19921875,24362.30078125,324200.0,24509.25
2024-07-24,24568.900390625,24582.55078125,24074.19921875,436400.0,24479.05078125
2024-07-25,24444.94921875,24504.25,24307.25,366600.0,24413.5
2024-07-26,24230.94921875,24426.150390625,24210.80078125,391800.0,24406.099609375
2024-07-29,24423.349609375,24861.150390625,24410.900390625,383800.0,24834.849609375
2024-07-30,24943.30078125,24999.75,24774.599609375,355000.0,24836.099609375
2024-07-31,24839.400390625,24971.75,24798.650390625,385000.0,24857.30078125
2024-08-01,24886.69921875,24984.599609375,24856.5,333600.0,24951.150390625
2024-08-02,25030.94921875,25078.30078125,24956.400390625,431300.0,25010.900390625
2024-08-05,24789.0,24851.900390625,24686.849609375,345000.0,24717.69921875
2024-08-06,24302.849609375,24350.05078125,23893.69921875,487000.0,24055.599609375
2024-08-07,24189.849609375,24382.599609375,23960.400390625,312300.0,23992.55078125
2024-08-08,24289.400390625,24337.69921875,24184.900390625,317600.0,24297.5
2024-08-09,24248.55078125,24340.5,24079.69921875,311900.0,24117.0
2024-08-12,24386.849609375,24419.75,24311.19921875,215100.0,24367.5
2024-08-13,24320.05078125,24472.80078125,24212.099609375,279900.0,24347.0
2024-08-14,24342.349609375,24359.94921875,24116.5,239700.0,24139.0
2024-08-16,24184.400390625,24196.5,24099.69921875,303300.0,24143.75
2024-08-19,24334.849609375,24563.900390625,24204.5,271600.0,24541.150390625
2024-08-20,24636.349609375,24638.80078125,24522.94921875,243600.0,24572.650390625
2024-08-21,24648.900390625,24734.30078125,24607.19921875,238300.0,24698.849609375
2024-08-22,24680.55078125,24787.94921875,24654.5,257100.0,24770.19921875
2024-08-23,24863.400390625,24867.349609375,24784.44921875,220300.0,24811.5
2024-08-26,24845.400390625,24858.400390625,24771.650390625,206800.0,24823.150390625
2024-08-27,24906.099609375,25043.80078125,24874.69921875,210300.0,25010.599609375
2024-08-28,25024.80078125,25073.099609375,24973.650390625,223300.0,25017.75
2024-08-29,25030.80078125,25129.599609375,24964.650390625,220400.0,25052.349609375
2024-08-30,25035.30078125,25192.900390625,24998.5,354000.0,25151.94921875
2024-09-02,25249.69921875,25268.349609375,25199.400390625,638200.0,25235.900390625
2024-09-03,25333.599609375,25333.650390625,25235.5,222800.0,25278.69921875
2024-09-04,25313.400390625,25321.69921875,25235.80078125,212100.0,25279.849609375
2024-09-05,25089.94921875,25216.0,25083.80078125,253800.0,25198.69921875
2024-09-06,25250.5,25275.44921875,25127.75,222200.0,25145.099609375
2024-09-09,25093.69921875,25168.75,24801.30078125,311700.0,24852.150390625
2024-09-10,24823.400390625,24957.5,24753.150390625,254400.0,24936.400390625
2024-09-11,24999.400390625,25130.5,24896.80078125,251300.0,25041.099609375
2024-09-12,25034.0,25113.69921875,24885.150390625,279200.0,24918.44921875
2024-09-13,25059.650390625,25433.349609375,24941.44921875,380100.0,25388.900390625
2024-09-16,25430.44921875,25430.5,25292.44921875,250800.0,25356.5
2024-09-17,25406.650390625,25445.69921875,25336.19921875,168700.0,25383.75
2024-09-18,25416.900390625,25441.650390625,25352.25,216000.0,25418.55078125
2024-09-19,25402.400390625,25482.19921875,25285.55078125,215700.0,25377.55078125
2024-09-20,25487.05078125,25611.94921875,25376.05078125,314500.0,25415.80078125
2024-09-23,25525.94921875,25849.25,25426.599609375,533100.0,25790.94921875
2024-09-24,25872.55078125,25956.0,25847.349609375,209200.0,25939.05078125
2024-09-25,25921.44921875,26011.55078125,25886.849609375,384100.0,25940.400390625
2024-09-26,25899.44921875,26032.80078125,25871.349609375,278500.0,26004.150390625
2024-09-27,26005.400390625,26250.900390625,25998.400390625,370900.0,26216.05078125
2024-09-30,26248.25,26277.349609375,26151.400390625,490300.0,26178.94921875
2024-10-01,26061.30078125,26134.69921875,25794.099609375,343100.0,25810.849609375
2024-10-03,25788.44921875,25907.599609375,25739.19921875,247400.0,25796.900390625
2024-10-04,25452.849609375,25639.44921875,25230.30078125,423400.0,25250.099609375
2024-10-07,25181.900390625,25485.05078125,24966.80078125,374900.0,25014.599609375
2024-10-08,25084.099609375,25143.0,24694.349609375,374300.0,24795.75
2024-10-09,24832.19921875,25044.0,24756.80078125,333200.0,25013.150390625
2024-10-10,25065.80078125,25234.05078125,24947.69921875,290600.0,24981.94921875
2024-10-11,25067.05078125,25134.05078125,24979.400390625,261400.0,24998.44921875
2024-10-14,24985.30078125,25028.650390625,24920.05078125,210500.0,24964.25
2024-10-15,25023.44921875,25159.75,25017.5,206400.0,25127.94921875
2024-10-16,25186.30078125,25212.05078125,25008.150390625,257200.0,25057.349609375
2024-10-17,25008.55078125,25093.400390625,24908.44921875,226800.0,24971.30078125
2024-10-18,25027.400390625,25029.5,24728.900390625,252800.0,24749.849609375
2024-10-21,24664.94921875,24886.19921875,24567.650390625,290900.0,24854.05078125
2024-10-22,24956.150390625,24978.30078125,24679.599609375,242000.0,24781.099609375
2024-10-23,24798.650390625,24882.0,24445.80078125,279500.0,24472.099609375
2024-10-24,24378.150390625,24604.25,24378.099609375,284600.0,24435.5
2024-10-25,24412.69921875,24480.650390625,24341.19921875,216700.0,24399.400390625
2024-10-28,24418.05078125,24440.25,24073.900390625,372600.0,24180.80078125
2024-10-29,24251.099609375,24492.599609375,24134.900390625,278600.0,24339.150390625
2024-10-30,24328.849609375,24484.5,24140.849609375,332000.0,24466.849609375
2024-10-31,24371.44921875,24498.19921875,24307.30078125,285200.0,24340.849609375
2024-11-01,24349.849609375,24372.44921875,24172.599609375,287000.0,24205.349609375
2024-11-04,24302.75,24368.25,24280.19921875,38800.0,24304.349609375
2024-11-05,24315.75,24316.75,23816.150390625,285500.0,23995.349609375
2024-11-06,23916.5,24229.05078125,23842.75,289500.0,24213.30078125
2024-11-07,24308.75,24537.599609375,24204.05078125,351100.0,24484.05078125
2024-11-08,24489.599609375,24503.349609375,24179.05078125,322200.0,24199.349609375
2024-11-11,24207.69921875,24276.150390625,24066.650390625,298700.0,24148.19921875
2024-11-12,24087.25,24336.80078125,24004.599609375,273400.0,24141.30078125
2024-11-13,24225.80078125,24242.0,23839.150390625,255800.0,23883.44921875
2024-11-14,23822.44921875,23873.599609375,23509.599609375,304600.0,23559.05078125
2024-11-18,23542.150390625,23675.900390625,23484.150390625,257700.0,23532.69921875
2024-11-19,23605.30078125,23606.80078125,23350.400390625,263300.0,23453.80078125
2024-11-21,23529.55078125,23780.650390625,23464.80078125,297500.0,23518.5
2024-11-22,23488.44921875,23507.30078125,23263.150390625,420300.0,23349.900390625
2024-11-25,23411.80078125,23956.099609375,23359.0,367600.0,23907.25
2024-11-26,24253.55078125,24351.55078125,24135.44921875,687200.0,24221.900390625
2024-11-27,24343.30078125,24343.30078125,24125.400390625,230700.0,24194.5
2024-11-28,24204.80078125,24354.55078125,24145.650390625,295000.0,24274.900390625
2024-11-29,24274.150390625,24345.75,23873.349609375,366700.0,23914.150390625
2024-12-02,23927.150390625,24188.44921875,23927.150390625,282100.0,24131.099609375
2024-12-03,24140.849609375,24301.69921875,24008.650390625,220400.0,24276.05078125
2024-12-04,24367.5,24481.349609375,24280.0,339500.0,24457.150390625
2024-12-05,24488.75,24573.19921875,24366.30078125,348000.0,24467.44921875
2024-12-06,24539.150390625,24857.75,24295.55078125,361500.0,24708.400390625
2024-12-09,24729.44921875,24751.05078125,24620.5,226700.0,24677.80078125
2024-12-10,24633.900390625,24705.0,24580.05078125,248100.0,24619.0
2024-12-11,24652.650390625,24677.80078125,24510.650390625,261000.0,24610.05078125
2024-12-12,24620.5,24691.75,24583.849609375,187300.0,24641.80078125
2024-12-13,24604.44921875,24675.25,24527.94921875,266100.0,24548.69921875
2024-12-16,24498.349609375,24792.30078125,24180.80078125,310100.0,24768.30078125
2024-12-17,24753.400390625,24781.25,24601.75,187600.0,24668.25
2024-12-18,24584.80078125,24624.099609375,24303.44921875,264900.0,24336.0
2024-12-19,24297.94921875,24394.44921875,24149.849609375,235300.0,24198.849609375
2024-12-20,23877.150390625,24004.900390625,23870.30078125,271100.0,23951.69921875
2024-12-23,23960.69921875,24065.80078125,23537.349609375,442700.0,23587.5
2024-12-24,23738.19921875,23869.55078125,23647.19921875,189800.0,23753.44921875
2024-12-26,23769.099609375,23867.650390625,23685.150390625,177700.0,23727.650390625
2024-12-27,23775.80078125,23854.5,23653.599609375,177700.0,23750.19921875
2024-12-30,23801.400390625,23938.849609375,23800.599609375,176800.0,23813.400390625
2024-12-31,23796.900390625,23915.349609375,23599.30078125,364900.0,23644.900390625
2025-01-01,23560.599609375,23689.849609375,23460.44921875,193600.0,23644.80078125
2025-01-02,23637.650390625,23822.80078125,23562.80078125,154900.0,23742.900390625
2025-01-03,23783.0,24226.69921875,23751.55078125,283200.0,24188.650390625
2025-01-06,24196.400390625,24196.44921875,23976.0,312300.0,24004.75
2025-01-07,24045.80078125,24089.94921875,23551.900390625,278100.0,23616.05078125
2025-01-08,23679.900390625,23795.19921875,23637.80078125,262300.0,23707.900390625
2025-01-09,23746.650390625,23751.849609375,23496.150390625,266400.0,23688.94921875
2025-01-10,23674.75,23689.5,23503.05078125,269200.0,23526.5
2025-01-13,23551.900390625,23596.599609375,23344.349609375,261000.0,23431.5
2025-01-14,23195.400390625,23340.94921875,23047.25,316500.0,23085.94921875
2025-01-15,23165.900390625,23264.94921875,23134.150390625,311200.0,23176.05078125
2025-01-16,23250.44921875,23293.650390625,23146.44921875,228000.0,23213.19921875
2025-01-17,23377.25,23391.650390625,23272.05078125,299400.0,23311.80078125
2025-01-20,23277.099609375,23292.099609375,23100.349609375,272900.0,23203.19921875
2025-01-21,23290.400390625,23391.099609375,23170.650390625,301500.0,23344.75
2025-01-22,23421.650390625,23426.30078125,22976.849609375,312900.0,23024.650390625
2025-01-23,23099.150390625,23169.55078125,22981.30078125,276000.0,23155.349609375
2025-01-24,23128.30078125,23270.80078125,23090.650390625,275600.0,23205.349609375
2025-01-27,23183.900390625,23347.30078125,23050.0,264300.0,23092.19921875
2025-01-28,22940.150390625,23007.44921875,22786.900390625,257400.0,22829.150390625
2025-01-29,22960.44921875,23137.94921875,22857.650390625,361900.0,22957.25
2025-01-30,23026.75,23183.349609375,22976.5,226300.0,23163.099609375
2025-01-31,23169.5,23322.05078125,23139.19921875,361900.0,23249.5
2025-02-03,23296.75,23546.80078125,23277.400390625,304900.0,23508.400390625
2025-02-04,23319.349609375,23381.599609375,23222.0,329700.0,23361.05078125
2025-02-05,23509.900390625,23762.75,23423.150390625,376700.0,23739.25
2025-02-06,23801.75,23807.30078125,23680.44921875,267000.0,23696.30078125
2025-02-07,23761.94921875,23773.55078125,23556.25,307000.0,23603.349609375
2025-02-10,23649.5,23694.5,23443.19921875,368100.0,23559.94921875
2025-02-11,23543.80078125,23568.599609375,23316.30078125,234200.0,23381.599609375
2025-02-12,23383.55078125,23390.05078125,22986.650390625,268000.0,23071.80078125
2025-02-13,23050.80078125,23144.69921875,22798.349609375,279700.0,23045.25
2025-02-14,23055.75,23235.5,22992.19921875,265700.0,23031.400390625
2025-02-17,23096.44921875,23133.69921875,22774.849609375,254500.0,22929.25
2025-02-18,22809.900390625,22974.19921875,22725.44921875,207400.0,22959.5
2025-02-19,22963.650390625,22992.5,22801.5,210600.0,22945.30078125
2025-02-20,22847.25,23049.94921875,22814.849609375,207000.0,22932.900390625
2025-02-21,22821.099609375,22923.849609375,22812.75,240800.0,22913.150390625
2025-02-24,22857.19921875,22921.0,22720.30078125,242800.0,22795.900390625
2025-02-25,22609.349609375,22668.05078125,22518.80078125,214300.0,22553.349609375
2025-02-27,22516.44921875,22625.30078125,22513.900390625,250300.0,22547.55078125
2025-02-28,22568.94921875,22613.30078125,22508.400390625,289200.0,22545.05078125
2025-03-03,22433.400390625,22450.349609375,22104.849609375,551300.0,22124.69921875
2025-03-04,22194.55078125,22261.55078125,22004.69921875,282400.0,22119.30078125
2025-03-05,21974.44921875,22105.05078125,21964.599609375,253300.0,22082.650390625
2025-03-06,22073.05078125,22394.900390625,22067.80078125,305900.0,22337.30078125
2025-03-07 14:00:23+05:30,22476.349609375,22556.44921875,22245.849609375,372100.0,22544.69921875
