date,open,high,low,close,volume
2025-01-27 09:15:00+05:30,22946.05078125,22986.599609375,22911.150390625,22966.599609375,0
2025-01-27 09:30:00+05:30,22967.55078125,23007.05078125,22948.099609375,22994.0,0
2025-01-27 09:45:00+05:30,22995.44921875,23005.400390625,22963.19921875,22967.25,0
2025-01-27 10:00:00+05:30,22967.25,22999.150390625,22960.30078125,22970.69921875,0
2025-01-27 10:15:00+05:30,22971.25,22971.25,22854.30078125,22854.30078125,0
2025-01-27 10:30:00+05:30,22854.5,22867.25,22827.19921875,22861.25,0
2025-01-27 10:45:00+05:30,22861.75,22886.650390625,22838.30078125,22846.55078125,0
2025-01-27 11:00:00+05:30,22847.25,22870.349609375,22840.94921875,22864.5,0
2025-01-27 11:15:00+05:30,22864.55078125,22903.5,22862.94921875,22894.5,0
2025-01-27 11:30:00+05:30,22895.25,22909.5,22856.25,22866.900390625,0
2025-01-27 11:45:00+05:30,22867.30078125,22912.900390625,22864.69921875,22906.5,0
2025-01-27 12:00:00+05:30,22907.44921875,22941.650390625,22867.0,22881.55078125,0
2025-01-27 12:15:00+05:30,22882.0,22943.69921875,22882.0,22936.25,0
2025-01-27 12:30:00+05:30,22935.849609375,22938.94921875,22862.599609375,22866.30078125,0
2025-01-27 12:45:00+05:30,22866.75,22877.19921875,22840.55078125,22862.75,0
2025-01-27 13:00:00+05:30,22862.80078125,22885.849609375,22854.599609375,22885.44921875,0
2025-01-27 13:15:00+05:30,22885.94921875,22892.349609375,22840.69921875,22846.44921875,0
2025-01-27 13:30:00+05:30,22845.75,22870.25,22827.94921875,22861.44921875,0
2025-01-27 13:45:00+05:30,22862.099609375,22878.599609375,22839.650390625,22860.349609375,0
2025-01-27 14:00:00+05:30,22860.349609375,22861.099609375,22822.44921875,22834.900390625,0
2025-01-27 14:15:00+05:30,22835.099609375,22857.900390625,22828.849609375,22834.05078125,0
2025-01-27 14:30:00+05:30,22834.099609375,22834.599609375,22800.44921875,22806.849609375,0
2025-01-27 14:45:00+05:30,22806.599609375,22833.349609375,22790.30078125,22825.55078125,0
2025-01-27 15:00:00+05:30,22826.150390625,22843.30078125,22814.599609375,22835.69921875,0
2025-01-27 15:15:00+05:30,22835.5,22838.400390625,22814.349609375,22816.849609375,0
2025-01-28 09:15:00+05:30,22967.94921875,22969.150390625,22885.400390625,22908.349609375,0
2025-01-28 09:30:00+05:30,22908.80078125,22909.55078125,22875.5,22877.900390625,0
2025-01-28 09:45:00+05:30,22876.0,22918.400390625,22860.30078125,22892.0,0
2025-01-28 10:00:00+05:30,22894.400390625,22930.349609375,22872.19921875,22881.25,0
2025-01-28 10:15:00+05:30,22882.5,22909.69921875,22858.650390625,22906.69921875,0
2025-01-28 10:30:00+05:30,22906.5,22918.849609375,22873.44921875,22884.05078125,0
2025-01-28 10:45:00+05:30,22882.349609375,22910.099609375,22877.80078125,22897.5,0
2025-01-28 11:00:00+05:30,22897.150390625,22985.94921875,22892.94921875,22959.599609375,0
2025-01-28 11:15:00+05:30,22958.55078125,22978.349609375,22944.30078125,22971.19921875,0
2025-01-28 11:30:00+05:30,22971.150390625,23033.30078125,22957.849609375,23007.30078125,0
2025-01-28 11:45:00+05:30,23006.94921875,23027.900390625,22986.400390625,22995.150390625,0
2025-01-28 12:00:00+05:30,22994.900390625,23040.650390625,22988.400390625,23032.650390625,0
2025-01-28 12:15:00+05:30,23032.150390625,23049.0,23000.25,23008.69921875,0
2025-01-28 12:30:00+05:30,23007.55078125,23022.5,22999.099609375,23008.849609375,0
2025-01-28 12:45:00+05:30,23009.400390625,23053.25,23009.0,23045.0,0
2025-01-28 13:00:00+05:30,23044.75,23068.55078125,23039.849609375,23065.25,0
2025-01-28 13:15:00+05:30,23067.349609375,23073.75,23026.150390625,23026.150390625,0
2025-01-28 13:30:00+05:30,23026.650390625,23053.5,23021.75,23037.900390625,0
2025-01-28 13:45:00+05:30,23035.849609375,23065.0,23034.75,23057.650390625,0
2025-01-28 14:00:00+05:30,23057.349609375,23075.55078125,23043.19921875,23051.75,0
2025-01-28 14:15:00+05:30,23051.94921875,23123.150390625,23048.150390625,23116.5,0
2025-01-28 14:30:00+05:30,23116.0,23137.44921875,23103.349609375,23129.349609375,0
2025-01-28 14:45:00+05:30,23129.849609375,23132.400390625,22956.94921875,22987.599609375,0
2025-01-28 15:00:00+05:30,22989.75,22990.75,22909.25,22967.55078125,0
2025-01-28 15:15:00+05:30,22968.349609375,22984.5,22951.5,22976.30078125,0
2025-01-29 09:15:00+05:30,23023.75,23049.150390625,22978.69921875,22987.69921875,0
2025-01-29 09:30:00+05:30,22988.0,23069.75,22978.150390625,23040.44921875,0
2025-01-29 09:45:00+05:30,23041.55078125,23056.69921875,23023.69921875,23056.69921875,0
2025-01-29 10:00:00+05:30,23056.44921875,23096.80078125,23047.30078125,23067.150390625,0
2025-01-29 10:15:00+05:30,23067.55078125,23105.650390625,23053.80078125,23095.25,0
2025-01-29 10:30:00+05:30,23094.55078125,23106.44921875,23071.150390625,23074.099609375,0
2025-01-29 10:45:00+05:30,23073.69921875,23125.5,23068.25,23122.849609375,0
2025-01-29 11:00:00+05:30,23122.75,23123.94921875,23074.75,23085.400390625,0
2025-01-29 11:15:00+05:30,23084.75,23090.849609375,22984.150390625,23066.44921875,0
2025-01-29 11:30:00+05:30,23066.80078125,23125.150390625,23066.80078125,23092.69921875,0
2025-01-29 11:45:00+05:30,23093.30078125,23128.150390625,23092.150390625,23112.69921875,0
2025-01-29 12:00:00+05:30,23111.5,23128.75,23098.05078125,23120.94921875,0
2025-01-29 12:15:00+05:30,23121.099609375,23168.05078125,23116.0,23135.900390625,0
2025-01-29 12:30:00+05:30,23135.55078125,23149.900390625,23112.650390625,23133.25,0
2025-01-29 12:45:00+05:30,23133.05078125,23146.19921875,23116.30078125,23122.349609375,0
2025-01-29 13:00:00+05:30,23122.400390625,23131.400390625,23086.55078125,23112.80078125,0
2025-01-29 13:15:00+05:30,23113.05078125,23166.849609375,23109.900390625,23162.94921875,0
2025-01-29 13:30:00+05:30,23163.150390625,23167.75,23136.75,23147.599609375,0
2025-01-29 13:45:00+05:30,23148.94921875,23169.599609375,23143.0,23158.30078125,0
2025-01-29 14:00:00+05:30,23158.099609375,23181.0,23148.94921875,23174.05078125,0
2025-01-29 14:15:00+05:30,23174.55078125,23180.80078125,23126.30078125,23142.69921875,0
2025-01-29 14:30:00+05:30,23142.69921875,23146.55078125,23115.099609375,23144.849609375,0
2025-01-29 14:45:00+05:30,23145.30078125,23149.650390625,23130.900390625,23138.80078125,0
2025-01-29 15:00:00+05:30,23140.650390625,23164.05078125,23132.150390625,23159.349609375,0
2025-01-29 15:15:00+05:30,23160.30078125,23182.69921875,23153.849609375,23176.19921875,0
2025-01-30 09:15:00+05:30,23168.400390625,23193.44921875,23141.0,23169.44921875,0
2025-01-30 09:30:00+05:30,23169.0,23215.5,23166.25,23204.150390625,0
2025-01-30 09:45:00+05:30,23204.150390625,23233.94921875,23200.650390625,23230.5,0
2025-01-30 10:00:00+05:30,23230.650390625,23300.55078125,23227.25,23271.400390625,0
2025-01-30 10:15:00+05:30,23271.599609375,23305.5,23268.69921875,23300.5,0
2025-01-30 10:30:00+05:30,23302.44921875,23310.849609375,23279.349609375,23295.650390625,0
2025-01-30 10:45:00+05:30,23296.900390625,23302.75,23235.900390625,23246.849609375,0
2025-01-30 11:00:00+05:30,23247.349609375,23291.0,23224.0,23288.30078125,0
2025-01-30 11:15:00+05:30,23289.150390625,23301.0,23258.94921875,23265.94921875,0
2025-01-30 11:30:00+05:30,23267.55078125,23267.69921875,23228.05078125,23244.849609375,0
2025-01-30 11:45:00+05:30,23245.80078125,23287.650390625,23242.099609375,23266.94921875,0
2025-01-30 12:00:00+05:30,23268.05078125,23276.349609375,23246.150390625,23250.80078125,0
2025-01-30 12:15:00+05:30,23250.30078125,23288.55078125,23229.69921875,23273.150390625,0
2025-01-30 12:30:00+05:30,23273.900390625,23289.900390625,23270.30078125,23274.94921875,0
2025-01-30 12:45:00+05:30,23275.5,23279.44921875,23249.599609375,23261.849609375,0
2025-01-30 13:00:00+05:30,23262.05078125,23279.75,23255.25,23261.94921875,0
2025-01-30 13:15:00+05:30,23263.400390625,23268.44921875,23219.599609375,23223.599609375,0
2025-01-30 13:30:00+05:30,23223.900390625,23239.400390625,23216.900390625,23224.5,0
2025-01-30 13:45:00+05:30,23227.30078125,23228.75,23173.75,23191.69921875,0
2025-01-30 14:00:00+05:30,23190.349609375,23199.900390625,23141.900390625,23167.599609375,0
2025-01-30 14:15:00+05:30,23168.150390625,23193.19921875,23159.05078125,23164.849609375,0
2025-01-30 14:30:00+05:30,23163.599609375,23177.05078125,23139.94921875,23174.599609375,0
2025-01-30 14:45:00+05:30,23175.0,23205.69921875,23148.80078125,23192.150390625,0
2025-01-30 15:00:00+05:30,23192.349609375,23255.05078125,23182.900390625,23249.55078125,0
2025-01-30 15:15:00+05:30,23248.44921875,23318.75,23244.69921875,23297.94921875,0
2025-01-31 09:15:00+05:30,23297.599609375,23331.80078125,23280.55078125,23326.05078125,0
2025-01-31 09:30:00+05:30,23325.349609375,23355.400390625,23295.650390625,23349.44921875,0
2025-01-31 09:45:00+05:30,23348.69921875,23395.349609375,23345.0,23389.5,0
2025-01-31 10:00:00+05:30,23390.099609375,23403.30078125,23314.80078125,23340.19921875,0
2025-01-31 10:15:00+05:30,23340.19921875,23397.19921875,23331.69921875,23390.19921875,0
2025-01-31 10:30:00+05:30,23389.80078125,23415.099609375,23388.400390625,23413.650390625,0
2025-01-31 10:45:00+05:30,23413.400390625,23430.80078125,23406.150390625,23430.80078125,0
2025-01-31 11:00:00+05:30,23430.69921875,23444.25,23418.5,23422.80078125,0
2025-01-31 11:15:00+05:30,23422.400390625,23448.25,23403.44921875,23403.44921875,0
2025-01-31 11:30:00+05:30,23403.650390625,23411.900390625,23388.44921875,23399.900390625,0
2025-01-31 11:45:00+05:30,23400.19921875,23432.599609375,23400.0,23431.55078125,0
2025-01-31 12:00:00+05:30,23431.849609375,23449.05078125,23422.25,23444.19921875,0
2025-01-31 12:15:00+05:30,23444.5,23448.650390625,23426.05078125,23434.849609375,0
2025-01-31 12:30:00+05:30,23434.69921875,23477.400390625,23433.0,23462.44921875,0
2025-01-31 12:45:00+05:30,23462.94921875,23484.849609375,23455.650390625,23480.849609375,0
2025-01-31 13:00:00+05:30,23480.349609375,23502.55078125,23463.599609375,23500.099609375,0
2025-01-31 13:15:00+05:30,23500.05078125,23525.55078125,23497.900390625,23522.5,0
2025-01-31 13:30:00+05:30,23521.80078125,23530.650390625,23492.30078125,23506.650390625,0
2025-01-31 13:45:00+05:30,23506.900390625,23512.75,23478.44921875,23481.80078125,0
2025-01-31 14:00:00+05:30,23482.69921875,23484.849609375,23426.099609375,23447.849609375,0
2025-01-31 14:15:00+05:30,23446.80078125,23452.44921875,23422.599609375,23444.5,0
2025-01-31 14:30:00+05:30,23443.30078125,23486.5,23432.099609375,23484.30078125,0
2025-01-31 14:45:00+05:30,23483.05078125,23501.099609375,23477.25,23494.150390625,0
2025-01-31 15:00:00+05:30,23493.55078125,23518.05078125,23478.650390625,23515.150390625,0
2025-01-31 15:15:00+05:30,23513.849609375,23546.400390625,23498.25,23533.849609375,0
2025-02-01 09:15:00+05:30,23538.30078125,23591.599609375,23479.69921875,23506.69921875,0
2025-02-01 09:30:00+05:30,23510.05078125,23589.5,23506.19921875,23558.849609375,0
2025-02-01 09:45:00+05:30,23558.80078125,23585.5,23532.55078125,23560.650390625,0
2025-02-01 10:00:00+05:30,23558.05078125,23588.05078125,23549.099609375,23555.900390625,0
2025-02-01 10:15:00+05:30,23555.69921875,23578.44921875,23555.69921875,23568.30078125,0
2025-02-01 10:30:00+05:30,23568.099609375,23595.30078125,23560.05078125,23581.69921875,0
2025-02-01 10:45:00+05:30,23583.69921875,23601.94921875,23575.400390625,23590.5,0
2025-02-01 11:00:00+05:30,23589.900390625,23594.30078125,23530.80078125,23582.94921875,0
2025-02-01 11:15:00+05:30,23581.55078125,23604.150390625,23567.650390625,23599.5,0
2025-02-01 11:30:00+05:30,23599.25,23632.349609375,23564.75,23627.25,0
2025-02-01 11:45:00+05:30,23628.25,23629.05078125,23364.099609375,23425.80078125,0
2025-02-01 12:00:00+05:30,23424.25,23567.349609375,23389.69921875,23447.05078125,0
2025-02-01 12:15:00+05:30,23449.099609375,23549.0,23426.150390625,23449.44921875,0
2025-02-01 12:30:00+05:30,23451.05078125,23471.650390625,23346.55078125,23418.44921875,0
2025-02-01 12:45:00+05:30,23418.75,23430.099609375,23386.05078125,23421.650390625,0
2025-02-01 13:00:00+05:30,23421.5,23428.349609375,23323.099609375,23373.400390625,0
2025-02-01 13:15:00+05:30,23374.650390625,23457.849609375,23341.599609375,23442.099609375,0
2025-02-01 13:30:00+05:30,23442.44921875,23495.05078125,23424.44921875,23495.05078125,0
2025-02-01 13:45:00+05:30,23496.650390625,23513.650390625,23472.849609375,23495.25,0
2025-02-01 14:00:00+05:30,23495.150390625,23533.69921875,23476.900390625,23520.25,0
2025-02-01 14:15:00+05:30,23520.900390625,23547.94921875,23510.349609375,23533.94921875,0
2025-02-01 14:30:00+05:30,23534.05078125,23537.599609375,23454.94921875,23471.55078125,0
2025-02-01 14:45:00+05:30,23475.05078125,23511.150390625,23473.94921875,23506.0,0
2025-02-01 15:00:00+05:30,23508.849609375,23515.80078125,23479.30078125,23481.19921875,0
2025-02-01 15:15:00+05:30,23480.75,23499.75,23463.349609375,23495.30078125,0
2025-02-03 09:15:00+05:30,23321.650390625,23336.75,23240.30078125,23335.099609375,0
2025-02-03 09:30:00+05:30,23334.19921875,23343.849609375,23257.05078125,23257.099609375,0
2025-02-03 09:45:00+05:30,23257.55078125,23258.900390625,23222.55078125,23246.55078125,0
2025-02-03 10:00:00+05:30,23248.80078125,23277.349609375,23238.30078125,23263.69921875,0
2025-02-03 10:15:00+05:30,23262.5,23285.44921875,23239.69921875,23282.099609375,0
2025-02-03 10:30:00+05:30,23282.0,23315.650390625,23270.05078125,23309.69921875,0
2025-02-03 10:45:00+05:30,23309.5,23324.849609375,23293.599609375,23317.55078125,0
2025-02-03 11:00:00+05:30,23318.0,23328.349609375,23310.94921875,23322.650390625,0
2025-02-03 11:15:00+05:30,23322.30078125,23338.599609375,23285.94921875,23290.5,0
2025-02-03 11:30:00+05:30,23289.94921875,23293.75,23253.099609375,23270.30078125,0
2025-02-03 11:45:00+05:30,23269.75,23287.05078125,23263.650390625,23281.349609375,0
2025-02-03 12:00:00+05:30,23281.25,23306.30078125,23280.650390625,23299.849609375,0
2025-02-03 12:15:00+05:30,23299.5,23300.94921875,23269.650390625,23288.599609375,0
2025-02-03 12:30:00+05:30,23288.75,23295.400390625,23266.19921875,23273.05078125,0
2025-02-03 12:45:00+05:30,23274.5,23283.349609375,23258.05078125,23281.05078125,0
2025-02-03 13:00:00+05:30,23282.849609375,23361.599609375,23276.349609375,23360.69921875,0
2025-02-03 13:15:00+05:30,23360.80078125,23368.94921875,23328.0,23331.69921875,0
2025-02-03 13:30:00+05:30,23332.849609375,23355.349609375,23323.25,23352.05078125,0
2025-02-03 13:45:00+05:30,23352.19921875,23362.599609375,23306.349609375,23325.55078125,0
2025-02-03 14:00:00+05:30,23326.80078125,23355.44921875,23324.349609375,23346.599609375,0
2025-02-03 14:15:00+05:30,23346.80078125,23364.400390625,23337.55078125,23361.05078125,0
2025-02-03 14:30:00+05:30,23361.80078125,23364.80078125,23340.849609375,23351.849609375,0
2025-02-03 14:45:00+05:30,23351.30078125,23355.599609375,23327.0,23355.05078125,0
2025-02-03 15:00:00+05:30,23354.349609375,23381.349609375,23349.400390625,23366.900390625,0
2025-02-03 15:15:00+05:30,23367.19921875,23369.80078125,23349.94921875,23359.69921875,0
2025-02-04 09:15:00+05:30,23501.05078125,23533.849609375,23482.94921875,23514.349609375,0
2025-02-04 09:30:00+05:30,23514.099609375,23572.75,23482.69921875,23572.400390625,0
2025-02-04 09:45:00+05:30,23572.19921875,23581.69921875,23554.44921875,23557.94921875,0
2025-02-04 10:00:00+05:30,23557.75,23573.349609375,23504.099609375,23512.650390625,0
2025-02-04 10:15:00+05:30,23513.25,23534.5,23484.400390625,23500.94921875,0
2025-02-04 10:30:00+05:30,23501.599609375,23511.94921875,23424.55078125,23459.19921875,0
2025-02-04 10:45:00+05:30,23460.400390625,23482.80078125,23436.25,23466.55078125,0
2025-02-04 11:00:00+05:30,23466.849609375,23511.19921875,23460.75,23506.5,0
2025-02-04 11:15:00+05:30,23508.05078125,23551.44921875,23493.900390625,23529.19921875,0
2025-02-04 11:30:00+05:30,23528.19921875,23559.099609375,23527.900390625,23540.19921875,0
2025-02-04 11:45:00+05:30,23540.75,23616.400390625,23538.900390625,23546.25,0
2025-02-04 12:00:00+05:30,23547.44921875,23571.150390625,23527.25,23565.400390625,0
2025-02-04 12:15:00+05:30,23566.150390625,23594.099609375,23562.150390625,23577.599609375,0
2025-02-04 12:30:00+05:30,23577.75,23613.599609375,23575.75,23590.849609375,0
2025-02-04 12:45:00+05:30,23590.099609375,23631.099609375,23583.55078125,23619.05078125,0
2025-02-04 13:00:00+05:30,23619.94921875,23642.30078125,23580.80078125,23640.05078125,0
2025-02-04 13:15:00+05:30,23641.05078125,23659.099609375,23625.400390625,23649.5,0
2025-02-04 13:30:00+05:30,23650.55078125,23695.69921875,23641.849609375,23670.55078125,0
2025-02-04 13:45:00+05:30,23668.19921875,23712.5,23663.599609375,23679.94921875,0
2025-02-04 14:00:00+05:30,23680.30078125,23695.05078125,23627.25,23651.599609375,0
2025-02-04 14:15:00+05:30,23647.94921875,23664.349609375,23633.849609375,23647.05078125,0
2025-02-04 14:30:00+05:30,23647.69921875,23708.349609375,23642.94921875,23701.150390625,0
2025-02-04 14:45:00+05:30,23702.05078125,23751.400390625,23684.599609375,23748.75,0
2025-02-04 15:00:00+05:30,23749.900390625,23761.900390625,23733.05078125,23744.0,0
2025-02-04 15:15:00+05:30,23744.400390625,23745.55078125,23697.05078125,23707.69921875,0
2025-02-05 09:15:00+05:30,23801.75,23803.55078125,23751.44921875,23763.75,0
2025-02-05 09:30:00+05:30,23764.099609375,23799.94921875,23755.849609375,23796.80078125,0
2025-02-05 09:45:00+05:30,23797.55078125,23798.25,23741.0,23753.75,0
2025-02-05 10:00:00+05:30,23754.150390625,23770.400390625,23726.55078125,23747.849609375,0
2025-02-05 10:15:00+05:30,23746.400390625,23774.900390625,23728.849609375,23774.900390625,0
2025-02-05 10:30:00+05:30,23774.349609375,23776.400390625,23759.150390625,23769.400390625,0
2025-02-05 10:45:00+05:30,23769.05078125,23786.30078125,23752.150390625,23757.099609375,0
2025-02-05 11:00:00+05:30,23756.849609375,23770.349609375,23728.44921875,23733.650390625,0
2025-02-05 11:15:00+05:30,23733.099609375,23754.849609375,23713.650390625,23751.599609375,0
2025-02-05 11:30:00+05:30,23751.25,23755.55078125,23736.349609375,23743.900390625,0
2025-02-05 11:45:00+05:30,23744.05078125,23759.0,23738.349609375,23741.55078125,0
2025-02-05 12:00:00+05:30,23741.25,23746.75,23724.400390625,23732.05078125,0
2025-02-05 12:15:00+05:30,23732.55078125,23753.849609375,23728.849609375,23738.650390625,0
2025-02-05 12:30:00+05:30,23738.44921875,23743.25,23727.400390625,23732.900390625,0
2025-02-05 12:45:00+05:30,23732.44921875,23733.94921875,23715.0,23723.650390625,0
2025-02-05 13:00:00+05:30,23722.05078125,23756.349609375,23712.55078125,23755.650390625,0
2025-02-05 13:15:00+05:30,23755.900390625,23760.69921875,23745.349609375,23749.55078125,0
2025-02-05 13:30:00+05:30,23749.30078125,23760.19921875,23732.69921875,23735.19921875,0
2025-02-05 13:45:00+05:30,23735.400390625,23774.5,23732.05078125,23770.099609375,0
2025-02-05 14:00:00+05:30,23770.69921875,23771.099609375,23740.80078125,23741.900390625,0
2025-02-05 14:15:00+05:30,23743.099609375,23747.650390625,23731.94921875,23736.599609375,0
2025-02-05 14:30:00+05:30,23737.25,23752.900390625,23732.69921875,23734.849609375,0
2025-02-05 14:45:00+05:30,23735.150390625,23735.400390625,23720.5,23730.5,0
2025-02-05 15:00:00+05:30,23730.25,23731.25,23680.650390625,23695.900390625,0
2025-02-05 15:15:00+05:30,23695.849609375,23700.900390625,23685.099609375,23685.099609375,0
2025-02-06 09:15:00+05:30,23766.75,23771.30078125,23687.30078125,23696.55078125,0
2025-02-06 09:30:00+05:30,23699.05078125,23700.69921875,23642.349609375,23660.19921875,0
2025-02-06 09:45:00+05:30,23661.19921875,23676.849609375,23625.0,23640.599609375,0
2025-02-06 10:00:00+05:30,23638.25,23661.900390625,23619.849609375,23627.80078125,0
2025-02-06 10:15:00+05:30,23627.30078125,23651.19921875,23623.900390625,23632.900390625,0
2025-02-06 10:30:00+05:30,23633.099609375,23656.900390625,23626.55078125,23646.0,0
2025-02-06 10:45:00+05:30,23647.349609375,23648.19921875,23629.94921875,23641.75,0
2025-02-06 11:00:00+05:30,23642.0,23648.75,23605.0,23616.349609375,0
2025-02-06 11:15:00+05:30,23616.94921875,23616.94921875,23597.150390625,23605.900390625,0
2025-02-06 11:30:00+05:30,23605.80078125,23616.30078125,23594.599609375,23612.55078125,0
2025-02-06 11:45:00+05:30,23611.349609375,23626.5,23603.099609375,23608.400390625,0
2025-02-06 12:00:00+05:30,23608.849609375,23623.30078125,23608.150390625,23619.44921875,0
2025-02-06 12:15:00+05:30,23620.30078125,23629.25,23608.75,23613.849609375,0
2025-02-06 12:30:00+05:30,23613.55078125,23615.599609375,23595.849609375,23607.0,0
2025-02-06 12:45:00+05:30,23606.69921875,23610.19921875,23576.0,23581.69921875,0
2025-02-06 13:00:00+05:30,23581.69921875,23592.25,23579.05078125,23586.19921875,0
2025-02-06 13:15:00+05:30,23586.30078125,23603.75,23580.44921875,23594.69921875,0
2025-02-06 13:30:00+05:30,23595.0,23600.150390625,23581.400390625,23588.75,0
2025-02-06 13:45:00+05:30,23588.30078125,23591.650390625,23562.55078125,23580.099609375,0
2025-02-06 14:00:00+05:30,23580.400390625,23596.900390625,23570.0,23573.0,0
2025-02-06 14:15:00+05:30,23573.30078125,23582.599609375,23567.099609375,23574.0,0
2025-02-06 14:30:00+05:30,23574.150390625,23583.55078125,23556.400390625,23575.75,0
2025-02-06 14:45:00+05:30,23575.25,23582.650390625,23567.19921875,23580.94921875,0
2025-02-06 15:00:00+05:30,23581.69921875,23610.599609375,23578.349609375,23595.900390625,0
2025-02-06 15:15:00+05:30,23596.099609375,23633.69921875,23592.400390625,23628.05078125,0
2025-02-07 09:15:00+05:30,23654.19921875,23667.5,23567.69921875,23594.44921875,0
2025-02-07 09:30:00+05:30,23593.150390625,23616.19921875,23588.30078125,23606.400390625,0
2025-02-07 09:45:00+05:30,23606.5,23610.900390625,23580.55078125,23605.349609375,0
2025-02-07 10:00:00+05:30,23606.55078125,23664.099609375,23573.75,23612.0,0
2025-02-07 10:15:00+05:30,23611.80078125,23621.25,23493.94921875,23536.599609375,0
2025-02-07 10:30:00+05:30,23536.19921875,23581.80078125,23523.05078125,23573.900390625,0
2025-02-07 10:45:00+05:30,23573.5,23613.19921875,23555.19921875,23613.19921875,0
2025-02-07 11:00:00+05:30,23611.900390625,23629.25,23608.349609375,23615.94921875,0
2025-02-07 11:15:00+05:30,23616.25,23687.75,23613.0,23681.25,0
2025-02-07 11:30:00+05:30,23681.94921875,23694.19921875,23651.25,23683.599609375,0
2025-02-07 11:45:00+05:30,23683.400390625,23690.900390625,23644.099609375,23646.599609375,0
2025-02-07 12:00:00+05:30,23647.0,23653.44921875,23572.80078125,23573.900390625,0
2025-02-07 12:15:00+05:30,23572.349609375,23599.5,23567.400390625,23593.55078125,0
2025-02-07 12:30:00+05:30,23593.19921875,23610.55078125,23564.650390625,23583.19921875,0
2025-02-07 12:45:00+05:30,23582.400390625,23588.599609375,23550.25,23557.349609375,0
2025-02-07 13:00:00+05:30,23555.69921875,23579.94921875,23537.650390625,23547.69921875,0
2025-02-07 13:15:00+05:30,23547.849609375,23568.80078125,23544.900390625,23567.69921875,0
2025-02-07 13:30:00+05:30,23567.400390625,23591.5,23567.400390625,23572.349609375,0
2025-02-07 13:45:00+05:30,23570.69921875,23576.75,23488.55078125,23511.25,0
2025-02-07 14:00:00+05:30,23510.75,23530.05078125,23453.650390625,23461.05078125,0
2025-02-07 14:15:00+05:30,23460.94921875,23469.05078125,23444.25,23466.94921875,0
2025-02-07 14:30:00+05:30,23467.0,23491.400390625,23450.900390625,23458.05078125,0
2025-02-07 14:45:00+05:30,23458.5,23495.19921875,23450.25,23490.30078125,0
2025-02-07 15:00:00+05:30,23490.80078125,23574.75,23490.30078125,23573.69921875,0
2025-02-07 15:15:00+05:30,23574.0,23591.25,23557.349609375,23563.150390625,0
2025-02-10 09:15:00+05:30,23547.599609375,23552.650390625,23455.150390625,23473.599609375,0
2025-02-10 09:30:00+05:30,23473.599609375,23477.05078125,23403.849609375,23408.25,0
2025-02-10 09:45:00+05:30,23408.400390625,23459.55078125,23404.900390625,23445.900390625,0
2025-02-10 10:00:00+05:30,23446.099609375,23461.400390625,23366.44921875,23373.099609375,0
2025-02-10 10:15:00+05:30,23372.349609375,23390.75,23357.900390625,23385.55078125,0
2025-02-10 10:30:00+05:30,23385.19921875,23406.150390625,23363.900390625,23397.19921875,0
2025-02-10 10:45:00+05:30,23396.55078125,23400.400390625,23365.400390625,23395.30078125,0
2025-02-10 11:00:00+05:30,23394.94921875,23402.30078125,23380.44921875,23401.30078125,0
2025-02-10 11:15:00+05:30,23400.80078125,23403.30078125,23371.349609375,23392.150390625,0
2025-02-10 11:30:00+05:30,23391.69921875,23401.650390625,23379.849609375,23388.599609375,0
2025-02-10 11:45:00+05:30,23387.94921875,23400.349609375,23363.900390625,23364.400390625,0
2025-02-10 12:00:00+05:30,23364.400390625,23370.0,23338.55078125,23352.650390625,0
2025-02-10 12:15:00+05:30,23351.400390625,23371.25,23338.80078125,23365.599609375,0
2025-02-10 12:30:00+05:30,23365.5,23367.650390625,23342.650390625,23363.849609375,0
2025-02-10 12:45:00+05:30,23363.400390625,23370.650390625,23347.19921875,23351.05078125,0
2025-02-10 13:00:00+05:30,23351.150390625,23359.25,23344.0,23353.849609375,0
2025-02-10 13:15:00+05:30,23353.30078125,23356.05078125,23325.150390625,23351.94921875,0
2025-02-10 13:30:00+05:30,23351.650390625,23351.80078125,23317.80078125,23346.44921875,0
2025-02-10 13:45:00+05:30,23346.44921875,23377.0,23342.19921875,23360.0,0
2025-02-10 14:00:00+05:30,23359.849609375,23361.900390625,23325.05078125,23326.599609375,0
2025-02-10 14:15:00+05:30,23326.69921875,23340.099609375,23317.5,23338.75,0
2025-02-10 14:30:00+05:30,23338.599609375,23392.19921875,23337.349609375,23370.25,0
2025-02-10 14:45:00+05:30,23370.94921875,23401.0,23360.099609375,23400.400390625,0
2025-02-10 15:00:00+05:30,23400.900390625,23409.900390625,23371.599609375,23380.349609375,0
2025-02-10 15:15:00+05:30,23380.80078125,23387.150390625,23370.849609375,23376.05078125,0
2025-02-11 09:15:00+05:30,23383.55078125,23383.55078125,23295.80078125,23313.80078125,0
2025-02-11 09:30:00+05:30,23314.19921875,23351.75,23298.900390625,23340.349609375,0
2025-02-11 09:45:00+05:30,23339.94921875,23343.349609375,23286.44921875,23304.849609375,0
2025-02-11 10:00:00+05:30,23304.099609375,23311.25,23271.05078125,23278.55078125,0
2025-02-11 10:15:00+05:30,23277.30078125,23296.150390625,23261.44921875,23287.05078125,0
2025-02-11 10:30:00+05:30,23289.0,23292.0,23258.80078125,23259.849609375,0
2025-02-11 10:45:00+05:30,23259.30078125,23279.349609375,23251.0,23272.44921875,0
2025-02-11 11:00:00+05:30,23272.44921875,23287.099609375,23260.80078125,23279.75,0
2025-02-11 11:15:00+05:30,23280.05078125,23301.75,23259.5,23259.55078125,0
2025-02-11 11:30:00+05:30,23259.80078125,23272.150390625,23248.599609375,23262.349609375,0
2025-02-11 11:45:00+05:30,23262.75,23265.44921875,23245.849609375,23248.94921875,0
2025-02-11 12:00:00+05:30,23249.150390625,23261.400390625,23244.25,23252.80078125,0
2025-02-11 12:15:00+05:30,23253.150390625,23257.400390625,23238.44921875,23245.94921875,0
2025-02-11 12:30:00+05:30,23246.19921875,23246.80078125,23233.75,23236.099609375,0
2025-02-11 12:45:00+05:30,23236.30078125,23239.400390625,23177.94921875,23184.900390625,0
2025-02-11 13:00:00+05:30,23184.900390625,23184.900390625,23027.05078125,23031.150390625,0
2025-02-11 13:15:00+05:30,23031.19921875,23101.400390625,23023.150390625,23042.69921875,0
2025-02-11 13:30:00+05:30,23043.099609375,23083.69921875,23023.55078125,23074.80078125,0
2025-02-11 13:45:00+05:30,23074.900390625,23081.599609375,23037.30078125,23043.849609375,0
2025-02-11 14:00:00+05:30,23043.5,23054.0,22986.80078125,23052.349609375,0
2025-02-11 14:15:00+05:30,23052.650390625,23054.94921875,23006.400390625,23018.5,0
2025-02-11 14:30:00+05:30,23018.30078125,23044.650390625,23009.599609375,23026.599609375,0
2025-02-11 14:45:00+05:30,23027.599609375,23118.400390625,23027.44921875,23055.349609375,0
2025-02-11 15:00:00+05:30,23055.75,23086.849609375,23053.650390625,23073.75,0
2025-02-11 15:15:00+05:30,23073.400390625,23080.80078125,23060.400390625,23068.55078125,0
2025-02-12 09:15:00+05:30,23068.400390625,23077.94921875,22979.19921875,22979.19921875,0
2025-02-12 09:30:00+05:30,22978.849609375,22986.400390625,22892.900390625,22911.80078125,0
2025-02-12 09:45:00+05:30,22911.94921875,22912.25,22829.150390625,22840.75,0
2025-02-12 10:00:00+05:30,22840.150390625,22866.30078125,22815.349609375,22830.599609375,0
2025-02-12 10:15:00+05:30,22831.099609375,22880.30078125,22799.349609375,22857.849609375,0
2025-02-12 10:30:00+05:30,22857.400390625,22925.599609375,22850.150390625,22866.650390625,0
2025-02-12 10:45:00+05:30,22869.599609375,22954.44921875,22867.5,22923.05078125,0
2025-02-12 11:00:00+05:30,22923.25,22944.80078125,22872.19921875,22925.55078125,0
2025-02-12 11:15:00+05:30,22924.900390625,22941.150390625,22905.599609375,22928.19921875,0
2025-02-12 11:30:00+05:30,22926.900390625,23009.55078125,22895.900390625,23009.55078125,0
2025-02-12 11:45:00+05:30,23010.150390625,23077.400390625,22973.400390625,23051.0,0
2025-02-12 12:00:00+05:30,23051.30078125,23072.94921875,23022.80078125,23044.400390625,0
2025-02-12 12:15:00+05:30,23044.900390625,23053.849609375,22997.30078125,23016.80078125,0
2025-02-12 12:30:00+05:30,23017.05078125,23087.599609375,23017.05078125,23042.44921875,0
2025-02-12 12:45:00+05:30,23045.599609375,23110.5,23045.599609375,23074.900390625,0
2025-02-12 13:00:00+05:30,23074.30078125,23119.75,23051.69921875,23103.05078125,0
2025-02-12 13:15:00+05:30,23105.44921875,23126.349609375,23087.150390625,23120.80078125,0
2025-02-12 13:30:00+05:30,23121.099609375,23144.5,23061.900390625,23100.150390625,0
2025-02-12 13:45:00+05:30,23101.44921875,23101.44921875,22997.69921875,23001.30078125,0
2025-02-12 14:00:00+05:30,23002.25,23031.19921875,22964.55078125,23002.25,0
2025-02-12 14:15:00+05:30,23002.30078125,23030.599609375,22980.75,22998.25,0
2025-02-12 14:30:00+05:30,22998.5,23009.349609375,22956.650390625,22991.44921875,0
2025-02-12 14:45:00+05:30,22990.75,22998.349609375,22968.0,22989.44921875,0
2025-02-12 15:00:00+05:30,22988.69921875,23059.650390625,22988.69921875,23051.55078125,0
2025-02-12 15:15:00+05:30,23050.849609375,23063.19921875,23043.150390625,23057.80078125,0
2025-02-13 09:15:00+05:30,23055.849609375,23110.80078125,22992.650390625,23025.25,0
2025-02-13 09:30:00+05:30,23024.900390625,23128.55078125,23024.55078125,23119.599609375,0
2025-02-13 09:45:00+05:30,23119.349609375,23189.5,23119.349609375,23173.94921875,0
2025-02-13 10:00:00+05:30,23176.5,23192.0,23156.44921875,23171.69921875,0
2025-02-13 10:15:00+05:30,23172.0,23190.599609375,23131.75,23147.400390625,0
2025-02-13 10:30:00+05:30,23147.44921875,23208.900390625,23138.55078125,23190.5,0
2025-02-13 10:45:00+05:30,23191.19921875,23201.650390625,23173.05078125,23176.55078125,0
2025-02-13 11:00:00+05:30,23177.0,23205.0,23159.400390625,23181.30078125,0
2025-02-13 11:15:00+05:30,23181.400390625,23199.900390625,23179.80078125,23196.900390625,0
2025-02-13 11:30:00+05:30,23197.0,23226.44921875,23193.75,23222.44921875,0
2025-02-13 11:45:00+05:30,23223.599609375,23235.19921875,23207.900390625,23220.849609375,0
2025-02-13 12:00:00+05:30,23220.75,23225.80078125,23185.25,23195.80078125,0
2025-02-13 12:15:00+05:30,23195.69921875,23210.0,23183.19921875,23195.099609375,0
2025-02-13 12:30:00+05:30,23195.75,23206.849609375,23176.150390625,23195.099609375,0
2025-02-13 12:45:00+05:30,23194.69921875,23206.55078125,23182.69921875,23190.19921875,0
2025-02-13 13:00:00+05:30,23191.150390625,23200.650390625,23153.099609375,23153.099609375,0
2025-02-13 13:15:00+05:30,23152.75,23177.650390625,23131.849609375,23151.05078125,0
2025-02-13 13:30:00+05:30,23150.80078125,23153.5,23054.55078125,23086.19921875,0
2025-02-13 13:45:00+05:30,23087.150390625,23097.05078125,23043.599609375,23077.900390625,0
2025-02-13 14:00:00+05:30,23079.599609375,23102.0,23032.69921875,23063.0,0
2025-02-13 14:15:00+05:30,23063.650390625,23074.5,23046.150390625,23056.599609375,0
2025-02-13 14:30:00+05:30,23056.75,23056.80078125,23004.69921875,23022.19921875,0
2025-02-13 14:45:00+05:30,23022.349609375,23056.599609375,23016.55078125,23050.849609375,0
2025-02-13 15:00:00+05:30,23052.150390625,23063.80078125,23019.25,23030.150390625,0
2025-02-13 15:15:00+05:30,23030.400390625,23039.650390625,23014.400390625,23019.400390625,0
2025-02-14 09:15:00+05:30,23096.69921875,23133.25,23026.94921875,23029.349609375,0
2025-02-14 09:30:00+05:30,23027.19921875,23070.94921875,23007.30078125,23043.19921875,0
2025-02-14 09:45:00+05:30,23042.900390625,23074.400390625,23016.80078125,23051.05078125,0
2025-02-14 10:00:00+05:30,23050.5,23094.349609375,23041.55078125,23043.0,0
2025-02-14 10:15:00+05:30,23042.75,23082.25,23031.19921875,23032.650390625,0
2025-02-14 10:30:00+05:30,23033.05078125,23045.55078125,22920.19921875,22924.0,0
2025-02-14 10:45:00+05:30,22923.900390625,22934.150390625,22886.150390625,22912.19921875,0
2025-02-14 11:00:00+05:30,22912.0,22919.599609375,22843.349609375,22893.94921875,0
2025-02-14 11:15:00+05:30,22893.349609375,22895.05078125,22854.69921875,22854.80078125,0
2025-02-14 11:30:00+05:30,22854.55078125,22902.0,22846.05078125,22901.150390625,0
2025-02-14 11:45:00+05:30,22902.5,22922.349609375,22886.94921875,22918.69921875,0
2025-02-14 12:00:00+05:30,22919.44921875,22921.94921875,22818.599609375,22842.05078125,0
2025-02-14 12:15:00+05:30,22842.19921875,22857.94921875,22815.25,22847.69921875,0
2025-02-14 12:30:00+05:30,22847.400390625,22866.94921875,22832.150390625,22835.94921875,0
2025-02-14 12:45:00+05:30,22835.650390625,22852.69921875,22801.69921875,22802.69921875,0
2025-02-14 13:00:00+05:30,22803.400390625,22815.30078125,22775.5,22806.349609375,0
2025-02-14 13:15:00+05:30,22805.900390625,22850.150390625,22800.400390625,22839.0,0
2025-02-14 13:30:00+05:30,22838.94921875,22845.05078125,22794.900390625,22812.099609375,0
2025-02-14 13:45:00+05:30,22813.05078125,22818.05078125,22785.599609375,22791.94921875,0
2025-02-14 14:00:00+05:30,22792.0,22811.80078125,22775.94921875,22802.05078125,0
2025-02-14 14:15:00+05:30,22801.94921875,22876.849609375,22799.19921875,22860.44921875,0
2025-02-14 14:30:00+05:30,22859.94921875,22966.44921875,22853.349609375,22961.30078125,0
2025-02-14 14:45:00+05:30,22961.150390625,22963.44921875,22893.599609375,22937.94921875,0
2025-02-14 15:00:00+05:30,22938.69921875,22958.94921875,22913.849609375,22933.400390625,0
2025-02-14 15:15:00+05:30,22933.849609375,22935.599609375,22895.849609375,22897.25,0
2025-02-17 09:15:00+05:30,22828.30078125,22874.099609375,22727.69921875,22831.44921875,0
2025-02-17 09:30:00+05:30,22830.349609375,22839.44921875,22755.75,22778.69921875,0
2025-02-17 09:45:00+05:30,22777.0,22810.19921875,22740.19921875,22771.19921875,0
2025-02-17 10:00:00+05:30,22770.80078125,22785.849609375,22744.0,22756.849609375,0
2025-02-17 10:15:00+05:30,22757.349609375,22827.849609375,22750.75,22827.30078125,0
2025-02-17 10:30:00+05:30,22826.94921875,22916.150390625,22814.19921875,22916.150390625,0
2025-02-17 10:45:00+05:30,22915.849609375,22926.349609375,22862.599609375,22877.5,0
2025-02-17 11:00:00+05:30,22879.05078125,22894.94921875,22797.25,22805.69921875,0
2025-02-17 11:15:00+05:30,22806.19921875,22847.900390625,22799.80078125,22840.099609375,0
2025-02-17 11:30:00+05:30,22838.80078125,22856.25,22819.599609375,22856.25,0
2025-02-17 11:45:00+05:30,22856.599609375,22868.400390625,22839.400390625,22862.349609375,0
2025-02-17 12:00:00+05:30,22863.0,22889.5,22823.05078125,22823.69921875,0
2025-02-17 12:15:00+05:30,22824.099609375,22830.69921875,22796.19921875,22819.80078125,0
2025-02-17 12:30:00+05:30,22819.75,22852.69921875,22809.849609375,22847.349609375,0
2025-02-17 12:45:00+05:30,22847.30078125,22882.19921875,22841.05078125,22880.44921875,0
2025-02-17 13:00:00+05:30,22880.30078125,22899.80078125,22837.099609375,22837.849609375,0
2025-02-17 13:15:00+05:30,22838.599609375,22873.349609375,22834.099609375,22861.30078125,0
2025-02-17 13:30:00+05:30,22861.349609375,22959.099609375,22859.650390625,22937.55078125,0
2025-02-17 13:45:00+05:30,22937.650390625,22949.0,22882.55078125,22898.80078125,0
2025-02-17 14:00:00+05:30,22900.349609375,22934.05078125,22876.75,22886.5,0
2025-02-17 14:15:00+05:30,22887.099609375,22927.0,22887.099609375,22915.44921875,0
2025-02-17 14:30:00+05:30,22914.900390625,22919.19921875,22883.30078125,22911.94921875,0
2025-02-17 14:45:00+05:30,22911.650390625,22949.94921875,22896.400390625,22939.0,0
2025-02-17 15:00:00+05:30,22939.44921875,22968.05078125,22938.099609375,22966.69921875,0
2025-02-17 15:15:00+05:30,22965.05078125,22974.0,22954.80078125,22963.5,0
2025-02-18 09:15:00+05:30,22975.099609375,22989.400390625,22877.0,22900.69921875,0
2025-02-18 09:30:00+05:30,22900.400390625,22934.80078125,22868.650390625,22924.44921875,0
2025-02-18 09:45:00+05:30,22924.400390625,22968.30078125,22907.55078125,22914.5,0
2025-02-18 10:00:00+05:30,22914.75,22945.0,22893.25,22894.44921875,0
2025-02-18 10:15:00+05:30,22894.099609375,22909.05078125,22820.80078125,22827.150390625,0
2025-02-18 10:30:00+05:30,22826.44921875,22844.0,22814.5,22841.44921875,0
2025-02-18 10:45:00+05:30,22840.5,22877.55078125,22828.0,22869.650390625,0
2025-02-18 11:00:00+05:30,22869.80078125,22870.19921875,22801.5,22813.69921875,0
2025-02-18 11:15:00+05:30,22814.349609375,22844.0,22807.5,22838.80078125,0
2025-02-18 11:30:00+05:30,22839.5,22867.150390625,22830.94921875,22866.69921875,0
2025-02-18 11:45:00+05:30,22866.44921875,22900.69921875,22836.849609375,22837.099609375,0
2025-02-18 12:00:00+05:30,22836.400390625,22867.5,22830.80078125,22863.30078125,0
2025-02-18 12:15:00+05:30,22863.30078125,22882.44921875,22852.5,22876.400390625,0
2025-02-18 12:30:00+05:30,22877.25,22909.55078125,22873.44921875,22877.650390625,0
2025-02-18 12:45:00+05:30,22878.349609375,22892.19921875,22839.94921875,22854.099609375,0
2025-02-18 13:00:00+05:30,22853.400390625,22879.849609375,22843.69921875,22871.849609375,0
2025-02-18 13:15:00+05:30,22872.05078125,22894.900390625,22871.75,22894.25,0
2025-02-18 13:30:00+05:30,22893.80078125,22934.30078125,22884.0,22921.44921875,0
2025-02-18 13:45:00+05:30,22922.80078125,22929.94921875,22898.900390625,22915.400390625,0
2025-02-18 14:00:00+05:30,22914.69921875,22932.599609375,22890.0,22917.25,0
2025-02-18 14:15:00+05:30,22917.30078125,22947.650390625,22909.69921875,22947.5,0
2025-02-18 14:30:00+05:30,22947.349609375,22952.69921875,22924.80078125,22947.05078125,0
2025-02-18 14:45:00+05:30,22945.69921875,22966.55078125,22925.80078125,22943.30078125,0
2025-02-18 15:00:00+05:30,22946.099609375,22970.80078125,22945.849609375,22951.400390625,0
2025-02-18 15:15:00+05:30,22952.099609375,22952.099609375,22918.30078125,22923.150390625,0
2025-02-19 09:15:00+05:30,22839.400390625,22876.849609375,22816.19921875,22852.900390625,0
2025-02-19 09:30:00+05:30,22852.19921875,22912.30078125,22846.80078125,22912.30078125,0
2025-02-19 09:45:00+05:30,22912.44921875,22991.849609375,22912.05078125,22989.099609375,0
2025-02-19 10:00:00+05:30,22988.349609375,22996.0,22954.25,22985.599609375,0
2025-02-19 10:15:00+05:30,22986.400390625,23042.650390625,22986.400390625,23034.30078125,0
2025-02-19 10:30:00+05:30,23033.69921875,23049.55078125,23009.5,23020.75,0
2025-02-19 10:45:00+05:30,23021.0,23028.099609375,22926.25,22927.94921875,0
2025-02-19 11:00:00+05:30,22927.94921875,22972.099609375,22922.44921875,22972.099609375,0
2025-02-19 11:15:00+05:30,22972.30078125,22985.650390625,22946.400390625,22960.44921875,0
2025-02-19 11:30:00+05:30,22960.55078125,22987.80078125,22953.44921875,22959.80078125,0
2025-02-19 11:45:00+05:30,22959.55078125,23003.94921875,22959.25,23001.650390625,0
2025-02-19 12:00:00+05:30,23001.5,23011.400390625,22991.80078125,22999.349609375,0
2025-02-19 12:15:00+05:30,22998.69921875,23023.55078125,22968.400390625,22969.400390625,0
2025-02-19 12:30:00+05:30,22969.80078125,22976.75,22933.30078125,22943.94921875,0
2025-02-19 12:45:00+05:30,22944.0,22952.75,22937.55078125,22948.849609375,0
2025-02-19 13:00:00+05:30,22948.80078125,22954.05078125,22914.25,22938.849609375,0
2025-02-19 13:15:00+05:30,22938.75,22941.599609375,22921.25,22928.599609375,0
2025-02-19 13:30:00+05:30,22928.69921875,22961.05078125,22925.80078125,22938.75,0
2025-02-19 13:45:00+05:30,22938.099609375,22950.19921875,22926.5,22928.5,0
2025-02-19 14:00:00+05:30,22928.599609375,22953.650390625,22925.30078125,22950.80078125,0
2025-02-19 14:15:00+05:30,22950.55078125,22951.25,22861.849609375,22863.30078125,0
2025-02-19 14:30:00+05:30,22862.69921875,22902.150390625,22858.80078125,22880.849609375,0
2025-02-19 14:45:00+05:30,22880.44921875,22927.05078125,22878.55078125,22917.80078125,0
2025-02-19 15:00:00+05:30,22916.900390625,22949.150390625,22916.099609375,22939.94921875,0
2025-02-19 15:15:00+05:30,22940.05078125,22940.19921875,22912.349609375,22914.400390625,0
2025-02-20 09:15:00+05:30,22821.099609375,22880.19921875,22821.099609375,22847.0,0
2025-02-20 09:30:00+05:30,22846.30078125,22897.900390625,22841.75,22881.25,0
2025-02-20 09:45:00+05:30,22881.099609375,22890.55078125,22813.400390625,22883.849609375,0
2025-02-20 10:00:00+05:30,22883.05078125,22885.75,22858.849609375,22873.75,0
2025-02-20 10:15:00+05:30,22873.80078125,22908.94921875,22868.400390625,22880.5,0
2025-02-20 10:30:00+05:30,22880.05078125,22904.599609375,22874.75,22883.19921875,0
2025-02-20 10:45:00+05:30,22884.25,22890.099609375,22875.099609375,22886.55078125,0
2025-02-20 11:00:00+05:30,22887.19921875,22912.75,22887.19921875,22911.30078125,0
2025-02-20 11:15:00+05:30,22911.19921875,22913.94921875,22895.0,22904.349609375,0
2025-02-20 11:30:00+05:30,22904.400390625,22910.400390625,22897.5,22903.599609375,0
2025-02-20 11:45:00+05:30,22903.44921875,22905.900390625,22879.05078125,22895.69921875,0
2025-02-20 12:00:00+05:30,22896.5,22903.94921875,22888.650390625,22889.0,0
2025-02-20 12:15:00+05:30,22889.099609375,22899.30078125,22884.75,22895.150390625,0
2025-02-20 12:30:00+05:30,22895.099609375,22908.80078125,22887.05078125,22900.0,0
2025-02-20 12:45:00+05:30,22899.80078125,22907.099609375,22891.400390625,22899.349609375,0
2025-02-20 13:00:00+05:30,22899.44921875,22900.0,22870.55078125,22878.25,0
2025-02-20 13:15:00+05:30,22878.05078125,22889.900390625,22875.75,22883.75,0
2025-02-20 13:30:00+05:30,22883.94921875,22907.30078125,22883.94921875,22906.19921875,0
2025-02-20 13:45:00+05:30,22906.0,22922.94921875,22898.69921875,22910.19921875,0
2025-02-20 14:00:00+05:30,22909.75,22912.75,22893.80078125,22899.69921875,0
2025-02-20 14:15:00+05:30,22899.5,22910.349609375,22895.25,22905.0,0
2025-02-20 14:30:00+05:30,22904.900390625,22916.599609375,22899.75,22912.650390625,0
2025-02-20 14:45:00+05:30,22913.150390625,22923.349609375,22896.94921875,22911.650390625,0
2025-02-20 15:00:00+05:30,22911.19921875,22920.05078125,22905.650390625,22916.900390625,0
2025-02-20 15:15:00+05:30,22917.150390625,22920.80078125,22905.0,22905.900390625,0
2025-02-21 09:15:00+05:30,22855.80078125,22920.5,22855.80078125,22896.94921875,0
2025-02-21 09:30:00+05:30,22896.400390625,22906.25,22840.05078125,22843.5,0
2025-02-21 09:45:00+05:30,22844.44921875,22852.94921875,22810.599609375,22813.650390625,0
2025-02-21 10:00:00+05:30,22813.849609375,22827.80078125,22760.30078125,22760.650390625,0
2025-02-21 10:15:00+05:30,22760.19921875,22788.349609375,22733.75,22767.150390625,0
2025-02-21 10:30:00+05:30,22767.0,22798.0,22765.80078125,22789.19921875,0
2025-02-21 10:45:00+05:30,22789.55078125,22797.94921875,22755.05078125,22776.44921875,0
2025-02-21 11:00:00+05:30,22776.5,22788.650390625,22740.69921875,22767.94921875,0
2025-02-21 11:15:00+05:30,22768.0,22768.150390625,22746.80078125,22764.94921875,0
2025-02-21 11:30:00+05:30,22764.94921875,22820.900390625,22764.650390625,22800.75,0
2025-02-21 11:45:00+05:30,22800.80078125,22809.599609375,22786.94921875,22791.599609375,0
2025-02-21 12:00:00+05:30,22791.400390625,22799.099609375,22776.099609375,22786.30078125,0
2025-02-21 12:15:00+05:30,22786.19921875,22809.150390625,22783.19921875,22807.5,0
2025-02-21 12:30:00+05:30,22807.0,22824.44921875,22802.19921875,22810.69921875,0
2025-02-21 12:45:00+05:30,22809.599609375,22818.44921875,22785.25,22786.849609375,0
2025-02-21 13:00:00+05:30,22787.400390625,22789.30078125,22757.94921875,22776.69921875,0
2025-02-21 13:15:00+05:30,22775.30078125,22787.19921875,22749.75,22753.55078125,0
2025-02-21 13:30:00+05:30,22751.80078125,22768.80078125,22722.349609375,22735.599609375,0
2025-02-21 13:45:00+05:30,22735.25,22758.30078125,22721.30078125,22756.150390625,0
2025-02-21 14:00:00+05:30,22755.05078125,22781.849609375,22739.599609375,22778.900390625,0
2025-02-21 14:15:00+05:30,22778.599609375,22792.05078125,22760.05078125,22770.80078125,0
2025-02-21 14:30:00+05:30,22768.69921875,22792.5,22765.349609375,22787.849609375,0
2025-02-21 14:45:00+05:30,22787.19921875,22800.69921875,22771.75,22772.80078125,0
2025-02-21 15:00:00+05:30,22771.5,22812.69921875,22771.5,22810.75,0
2025-02-21 15:15:00+05:30,22810.19921875,22812.25,22763.19921875,22764.349609375,0
2025-02-24 09:15:00+05:30,22609.349609375,22667.650390625,22609.349609375,22622.05078125,0
2025-02-24 09:30:00+05:30,22621.400390625,22644.349609375,22564.05078125,22571.19921875,0
2025-02-24 09:45:00+05:30,22570.75,22596.94921875,22568.150390625,22581.650390625,0
2025-02-24 10:00:00+05:30,22582.55078125,22590.05078125,22561.0,22572.150390625,0
2025-02-24 10:15:00+05:30,22572.5,22580.900390625,22548.75,22568.05078125,0
2025-02-24 10:30:00+05:30,22567.349609375,22575.5,22553.0,22554.55078125,0
2025-02-24 10:45:00+05:30,22554.69921875,22579.349609375,22552.0,22553.80078125,0
2025-02-24 11:00:00+05:30,22555.349609375,22580.94921875,22550.099609375,22568.599609375,0
2025-02-24 11:15:00+05:30,22567.94921875,22584.599609375,22563.75,22574.25,0
2025-02-24 11:30:00+05:30,22574.30078125,22611.849609375,22568.650390625,22610.099609375,0
2025-02-24 11:45:00+05:30,22610.349609375,22620.05078125,22588.55078125,22590.05078125,0
2025-02-24 12:00:00+05:30,22589.5,22595.30078125,22559.349609375,22561.150390625,0
2025-02-24 12:15:00+05:30,22561.25,22571.849609375,22558.599609375,22562.599609375,0
2025-02-24 12:30:00+05:30,22561.94921875,22583.900390625,22553.599609375,22564.55078125,0
2025-02-24 12:45:00+05:30,22564.44921875,22587.44921875,22562.150390625,22577.099609375,0
2025-02-24 13:00:00+05:30,22576.94921875,22591.0,22570.900390625,22572.349609375,0
2025-02-24 13:15:00+05:30,22572.30078125,22580.349609375,22546.19921875,22560.5,0
2025-02-24 13:30:00+05:30,22560.19921875,22565.25,22526.900390625,22533.44921875,0
2025-02-24 13:45:00+05:30,22532.94921875,22547.55078125,22520.55078125,22546.19921875,0
2025-02-24 14:00:00+05:30,22546.05078125,22553.5,22531.69921875,22543.650390625,0
2025-02-24 14:15:00+05:30,22543.69921875,22562.30078125,22536.44921875,22541.849609375,0
2025-02-24 14:30:00+05:30,22541.900390625,22576.44921875,22540.94921875,22572.150390625,0
2025-02-24 14:45:00+05:30,22571.900390625,22590.150390625,22566.849609375,22572.150390625,0
2025-02-24 15:00:00+05:30,22571.5,22577.05078125,22545.30078125,22554.400390625,0
2025-02-24 15:15:00+05:30,22554.349609375,22563.05078125,22544.150390625,22549.75,0
2025-02-25 09:15:00+05:30,22516.44921875,22579.349609375,22516.44921875,22553.400390625,0
2025-02-25 09:30:00+05:30,22552.75,22610.94921875,22546.25,22603.69921875,0
2025-02-25 09:45:00+05:30,22603.849609375,22625.19921875,22591.599609375,22606.80078125,0
2025-02-25 10:00:00+05:30,22607.19921875,22608.400390625,22582.19921875,22597.80078125,0
2025-02-25 10:15:00+05:30,22597.5,22601.150390625,22565.349609375,22576.0,0
2025-02-25 10:30:00+05:30,22576.150390625,22594.0,22565.0,22582.900390625,0
2025-02-25 10:45:00+05:30,22582.80078125,22585.69921875,22558.900390625,22563.599609375,0
2025-02-25 11:00:00+05:30,22563.5,22569.25,22555.150390625,22566.599609375,0
2025-02-25 11:15:00+05:30,22566.44921875,22569.19921875,22550.650390625,22553.0,0
2025-02-25 11:30:00+05:30,22553.0,22569.69921875,22544.849609375,22567.69921875,0
2025-02-25 11:45:00+05:30,22568.44921875,22573.599609375,22555.80078125,22559.44921875,0
2025-02-25 12:00:00+05:30,22559.44921875,22581.150390625,22553.0,22572.650390625,0
2025-02-25 12:15:00+05:30,22572.650390625,22590.30078125,22572.099609375,22578.19921875,0
2025-02-25 12:30:00+05:30,22578.30078125,22578.30078125,22566.05078125,22567.349609375,0
2025-02-25 12:45:00+05:30,22567.650390625,22580.900390625,22566.94921875,22574.05078125,0
2025-02-25 13:00:00+05:30,22574.0,22600.400390625,22573.80078125,22593.0,0
2025-02-25 13:15:00+05:30,22592.75,22595.349609375,22571.25,22576.55078125,0
2025-02-25 13:30:00+05:30,22577.19921875,22590.900390625,22575.44921875,22586.150390625,0
2025-02-25 13:45:00+05:30,22587.150390625,22595.900390625,22577.5,22581.75,0
2025-02-25 14:00:00+05:30,22582.150390625,22591.0,22575.099609375,22581.849609375,0
2025-02-25 14:15:00+05:30,22582.05078125,22585.400390625,22573.94921875,22581.849609375,0
2025-02-25 14:30:00+05:30,22581.69921875,22585.94921875,22577.150390625,22580.30078125,0
2025-02-25 14:45:00+05:30,22580.650390625,22583.25,22568.0,22570.400390625,0
2025-02-25 15:00:00+05:30,22572.150390625,22573.30078125,22546.25,22553.349609375,0
2025-02-25 15:15:00+05:30,22552.400390625,22559.94921875,22516.5,22529.05078125,0
2025-02-27 09:15:00+05:30,22583.30078125,22608.69921875,22552.849609375,22555.75,0
2025-02-27 09:30:00+05:30,22554.80078125,22576.25,22535.150390625,22560.19921875,0
2025-02-27 09:45:00+05:30,22560.25,22570.0,22530.44921875,22538.400390625,0
2025-02-27 10:00:00+05:30,22537.94921875,22552.44921875,22535.75,22542.30078125,0
2025-02-27 10:15:00+05:30,22542.900390625,22549.75,22527.19921875,22535.849609375,0
2025-02-27 10:30:00+05:30,22535.599609375,22554.94921875,22533.19921875,22553.400390625,0
2025-02-27 10:45:00+05:30,22553.69921875,22564.69921875,22548.099609375,22549.900390625,0
2025-02-27 11:00:00+05:30,22549.349609375,22551.349609375,22540.80078125,22548.94921875,0
2025-02-27 11:15:00+05:30,22549.349609375,22557.25,22538.19921875,22539.849609375,0
2025-02-27 11:30:00+05:30,22540.30078125,22540.30078125,22528.30078125,22531.44921875,0
2025-02-27 11:45:00+05:30,22530.94921875,22537.44921875,22524.69921875,22525.0,0
2025-02-27 12:00:00+05:30,22524.55078125,22528.650390625,22519.650390625,22526.650390625,0
2025-02-27 12:15:00+05:30,22526.900390625,22534.099609375,22524.400390625,22526.75,0
2025-02-27 12:30:00+05:30,22527.599609375,22528.599609375,22516.19921875,22526.80078125,0
2025-02-27 12:45:00+05:30,22527.69921875,22535.599609375,22526.099609375,22534.30078125,0
2025-02-27 13:00:00+05:30,22535.19921875,22537.650390625,22527.099609375,22527.80078125,0
2025-02-27 13:15:00+05:30,22528.75,22540.650390625,22525.94921875,22536.599609375,0
2025-02-27 13:30:00+05:30,22536.25,22542.599609375,22531.05078125,22538.80078125,0
2025-02-27 13:45:00+05:30,22539.69921875,22544.75,22532.150390625,22541.44921875,0
2025-02-27 14:00:00+05:30,22542.05078125,22550.44921875,22537.150390625,22544.099609375,0
2025-02-27 14:15:00+05:30,22544.900390625,22553.75,22540.69921875,22550.19921875,0
2025-02-27 14:30:00+05:30,22551.25,22552.900390625,22534.849609375,22546.44921875,0
2025-02-27 14:45:00+05:30,22547.30078125,22556.900390625,22543.80078125,22549.25,0
2025-02-27 15:00:00+05:30,22549.19921875,22556.099609375,22539.05078125,22542.69921875,0
2025-02-27 15:15:00+05:30,22542.349609375,22548.80078125,22510.849609375,22510.849609375,0
2025-02-28 09:15:00+05:30,22442.44921875,22446.900390625,22311.150390625,22336.099609375,0
2025-02-28 09:30:00+05:30,22337.69921875,22339.80078125,22252.400390625,22261.69921875,0
2025-02-28 09:45:00+05:30,22261.150390625,22282.30078125,22233.900390625,22235.349609375,0
2025-02-28 10:00:00+05:30,22235.400390625,22262.900390625,22224.19921875,22262.150390625,0
2025-02-28 10:15:00+05:30,22261.80078125,22293.5,22258.55078125,22272.099609375,0
2025-02-28 10:30:00+05:30,22272.150390625,22300.5,22267.94921875,22288.650390625,0
2025-02-28 10:45:00+05:30,22288.25,22294.099609375,22242.44921875,22243.44921875,0
2025-02-28 11:00:00+05:30,22243.75,22263.69921875,22240.19921875,22246.25,0
2025-02-28 11:15:00+05:30,22246.400390625,22261.19921875,22239.650390625,22259.75,0
2025-02-28 11:30:00+05:30,22260.0,22280.0,22238.099609375,22240.400390625,0
2025-02-28 11:45:00+05:30,22240.900390625,22246.25,22221.150390625,22237.400390625,0
2025-02-28 12:00:00+05:30,22237.150390625,22240.80078125,22218.099609375,22222.55078125,0
2025-02-28 12:15:00+05:30,22221.75,22253.75,22221.75,22248.25,0
2025-02-28 12:30:00+05:30,22246.849609375,22249.30078125,22167.599609375,22169.099609375,0
2025-02-28 12:45:00+05:30,22169.25,22180.44921875,22108.75,22110.30078125,0
2025-02-28 13:00:00+05:30,22108.44921875,22148.30078125,22106.19921875,22127.849609375,0
2025-02-28 13:15:00+05:30,22127.75,22145.0,22121.19921875,22125.150390625,0
2025-02-28 13:30:00+05:30,22124.05078125,22130.150390625,22111.55078125,22123.44921875,0
2025-02-28 13:45:00+05:30,22122.05078125,22163.80078125,22114.849609375,22130.69921875,0
2025-02-28 14:00:00+05:30,22129.849609375,22139.44921875,22118.44921875,22138.5,0
2025-02-28 14:15:00+05:30,22138.150390625,22155.80078125,22123.55078125,22140.44921875,0
2025-02-28 14:30:00+05:30,22140.400390625,22173.30078125,22124.94921875,22173.30078125,0
2025-02-28 14:45:00+05:30,22172.30078125,22198.75,22153.900390625,22169.75,0
2025-02-28 15:00:00+05:30,22170.75,22176.55078125,22117.25,22124.650390625,0
2025-02-28 15:15:00+05:30,22124.849609375,22127.650390625,22105.849609375,22127.400390625,0
2025-03-03 09:15:00+05:30,22194.55078125,22261.349609375,22155.349609375,22174.349609375,0
2025-03-03 09:30:00+05:30,22174.55078125,22189.25,22128.0,22129.900390625,0
2025-03-03 09:45:00+05:30,22130.349609375,22133.0,22050.94921875,22066.25,0
2025-03-03 10:00:00+05:30,22067.5,22072.19921875,22012.599609375,22024.80078125,0
2025-03-03 10:15:00+05:30,22024.900390625,22104.19921875,22022.80078125,22099.599609375,0
2025-03-03 10:30:00+05:30,22100.19921875,22100.900390625,22038.400390625,22046.44921875,0
2025-03-03 10:45:00+05:30,22046.0,22080.55078125,22035.099609375,22044.599609375,0
2025-03-03 11:00:00+05:30,22045.099609375,22049.849609375,22006.25,22031.349609375,0
2025-03-03 11:15:00+05:30,22031.599609375,22036.44921875,22005.0,22031.75,0
2025-03-03 11:30:00+05:30,22031.44921875,22044.25,22010.5,22017.75,0
2025-03-03 11:45:00+05:30,22016.849609375,22040.30078125,22011.349609375,22012.400390625,0
2025-03-03 12:00:00+05:30,22012.80078125,22055.849609375,22006.69921875,22054.349609375,0
2025-03-03 12:15:00+05:30,22054.75,22086.5,22037.099609375,22073.30078125,0
2025-03-03 12:30:00+05:30,22071.69921875,22110.94921875,22070.849609375,22105.69921875,0
2025-03-03 12:45:00+05:30,22105.44921875,22154.150390625,22105.44921875,22114.75,0
2025-03-03 13:00:00+05:30,22113.75,22155.05078125,22105.0,22155.05078125,0
2025-03-03 13:15:00+05:30,22154.80078125,22174.150390625,22110.400390625,22116.69921875,0
2025-03-03 13:30:00+05:30,22117.150390625,22126.30078125,22092.44921875,22118.150390625,0
2025-03-03 13:45:00+05:30,22119.099609375,22149.75,22098.599609375,22099.0,0
2025-03-03 14:00:00+05:30,22100.19921875,22128.5,22071.900390625,22122.150390625,0
2025-03-03 14:15:00+05:30,22120.849609375,22153.55078125,22092.30078125,22148.69921875,0
2025-03-03 14:30:00+05:30,22146.94921875,22150.80078125,22120.400390625,22139.5,0
2025-03-03 14:45:00+05:30,22138.650390625,22144.75,22112.349609375,22128.75,0
2025-03-03 15:00:00+05:30,22130.900390625,22130.900390625,22099.19921875,22117.599609375,0
2025-03-03 15:15:00+05:30,22117.25,22146.55078125,22110.099609375,22142.5,0
2025-03-04 09:15:00+05:30,21982.19921875,22049.25,21965.849609375,22001.599609375,0
2025-03-04 09:30:00+05:30,21999.5,22068.75,21991.599609375,22041.400390625,0
2025-03-04 09:45:00+05:30,22039.19921875,22071.5,22013.599609375,22058.599609375,0
2025-03-04 10:00:00+05:30,22059.400390625,22090.94921875,22032.099609375,22049.94921875,0
2025-03-04 10:15:00+05:30,22049.25,22076.849609375,22049.25,22059.5,0
2025-03-04 10:30:00+05:30,22059.099609375,22077.19921875,22048.150390625,22052.650390625,0
2025-03-04 10:45:00+05:30,22052.900390625,22089.400390625,22051.30078125,22082.30078125,0
2025-03-04 11:00:00+05:30,22082.650390625,22104.19921875,22072.400390625,22083.69921875,0
2025-03-04 11:15:00+05:30,22083.099609375,22086.19921875,22063.19921875,22069.5,0
2025-03-04 11:30:00+05:30,22069.80078125,22086.349609375,22068.349609375,22070.19921875,0
2025-03-04 11:45:00+05:30,22069.400390625,22073.349609375,22048.80078125,22072.099609375,0
2025-03-04 12:00:00+05:30,22072.25,22074.5,22047.94921875,22058.0,0
2025-03-04 12:15:00+05:30,22058.19921875,22075.349609375,22049.650390625,22068.650390625,0
2025-03-04 12:30:00+05:30,22068.099609375,22074.650390625,22063.94921875,22064.25,0
2025-03-04 12:45:00+05:30,22064.0,22073.30078125,22049.0,22052.849609375,0
2025-03-04 13:00:00+05:30,22055.650390625,22057.599609375,22035.05078125,22056.349609375,0
2025-03-04 13:15:00+05:30,22056.599609375,22068.75,22046.099609375,22050.55078125,0
2025-03-04 13:30:00+05:30,22051.599609375,22059.94921875,22039.599609375,22058.650390625,0
2025-03-04 13:45:00+05:30,22057.599609375,22074.44921875,22047.349609375,22069.150390625,0
2025-03-04 14:00:00+05:30,22069.55078125,22105.05078125,22064.05078125,22087.599609375,0
2025-03-04 14:15:00+05:30,22088.55078125,22100.349609375,22075.19921875,22085.400390625,0
2025-03-04 14:30:00+05:30,22085.349609375,22096.150390625,22077.94921875,22083.099609375,0
2025-03-04 14:45:00+05:30,22083.5,22104.650390625,22075.5,22098.599609375,0
2025-03-04 15:00:00+05:30,22097.650390625,22098.55078125,22074.849609375,22082.05078125,0
2025-03-04 15:15:00+05:30,22082.599609375,22090.94921875,22064.69921875,22080.30078125,0
2025-03-05 09:15:00+05:30,22071.650390625,22197.80078125,22071.650390625,22193.30078125,0
2025-03-05 09:30:00+05:30,22192.80078125,22249.849609375,22185.0,22237.599609375,0
2025-03-05 09:45:00+05:30,22237.599609375,22263.849609375,22231.0,22256.44921875,0
2025-03-05 10:00:00+05:30,22254.75,22264.69921875,22227.19921875,22239.0,0
2025-03-05 10:15:00+05:30,22238.69921875,22251.400390625,22211.099609375,22251.099609375,0
2025-03-05 10:30:00+05:30,22251.05078125,22284.0,22244.849609375,22282.69921875,0
2025-03-05 10:45:00+05:30,22283.150390625,22288.0,22266.599609375,22284.349609375,0
2025-03-05 11:00:00+05:30,22284.30078125,22296.099609375,22270.599609375,22282.349609375,0
2025-03-05 11:15:00+05:30,22282.650390625,22293.400390625,22277.0,22290.05078125,0
2025-03-05 11:30:00+05:30,22290.69921875,22337.400390625,22290.19921875,22337.099609375,0
2025-03-05 11:45:00+05:30,22336.75,22374.900390625,22336.44921875,22357.44921875,0
2025-03-05 12:00:00+05:30,22357.650390625,22372.80078125,22352.599609375,22362.099609375,0
2025-03-05 12:15:00+05:30,22361.900390625,22371.05078125,22347.69921875,22368.55078125,0
2025-03-05 12:30:00+05:30,22368.650390625,22394.69921875,22368.650390625,22372.30078125,0
2025-03-05 12:45:00+05:30,22373.05078125,22377.650390625,22350.25,22355.0,0
2025-03-05 13:00:00+05:30,22354.94921875,22367.349609375,22333.099609375,22348.80078125,0
2025-03-05 13:15:00+05:30,22348.400390625,22363.05078125,22344.0,22354.5,0
2025-03-05 13:30:00+05:30,22353.5,22354.5,22301.75,22313.80078125,0
2025-03-05 13:45:00+05:30,22313.849609375,22338.75,22310.69921875,22329.5,0
2025-03-05 14:00:00+05:30,22328.30078125,22333.349609375,22312.849609375,22326.80078125,0
2025-03-05 14:15:00+05:30,22326.69921875,22326.69921875,22292.30078125,22323.5,0
2025-03-05 14:30:00+05:30,22323.69921875,22343.44921875,22309.349609375,22337.900390625,0
2025-03-05 14:45:00+05:30,22337.599609375,22353.849609375,22328.30078125,22343.55078125,0
2025-03-05 15:00:00+05:30,22342.349609375,22344.19921875,22324.599609375,22335.0,0
2025-03-05 15:15:00+05:30,22335.150390625,22351.25,22326.349609375,22346.650390625,0
2025-03-06 09:15:00+05:30,22479.94921875,22487.25,22349.30078125,22362.25,0
2025-03-06 09:30:00+05:30,22364.099609375,22372.0,22298.25,22315.150390625,0
2025-03-06 09:45:00+05:30,22315.25,22329.5,22246.69921875,22314.400390625,0
2025-03-06 10:00:00+05:30,22313.55078125,22364.80078125,22305.099609375,22331.599609375,0
2025-03-06 10:15:00+05:30,22330.900390625,22366.349609375,22322.94921875,22358.650390625,0
2025-03-06 10:30:00+05:30,22358.650390625,22377.80078125,22338.900390625,22366.5,0
2025-03-06 10:45:00+05:30,22366.349609375,22378.5,22354.05078125,22366.30078125,0
2025-03-06 11:00:00+05:30,22364.849609375,22455.55078125,22355.55078125,22436.25,0
2025-03-06 11:15:00+05:30,22436.150390625,22438.80078125,22321.5,22340.19921875,0
2025-03-06 11:30:00+05:30,22338.849609375,22377.94921875,22319.94921875,22374.55078125,0
2025-03-06 11:45:00+05:30,22374.30078125,22416.75,22374.19921875,22399.650390625,0
2025-03-06 12:00:00+05:30,22399.25,22427.0,22398.400390625,22412.44921875,0
2025-03-06 12:15:00+05:30,22411.599609375,22437.75,22408.099609375,22428.5,0
2025-03-06 12:30:00+05:30,22429.0,22462.19921875,22420.05078125,22447.19921875,0
2025-03-06 12:45:00+05:30,22447.5,22485.900390625,22430.650390625,22452.80078125,0
2025-03-06 13:00:00+05:30,22451.94921875,22478.650390625,22446.44921875,22466.150390625,0
2025-03-06 13:15:00+05:30,22466.849609375,22481.55078125,22451.55078125,22467.25,0
2025-03-06 13:30:00+05:30,22467.900390625,22492.69921875,22458.25,22484.599609375,0
2025-03-06 13:45:00+05:30,22485.19921875,22519.05078125,22484.400390625,22509.55078125,0
2025-03-06 14:00:00+05:30,22510.94921875,22528.400390625,22504.150390625,22509.19921875,0
2025-03-06 14:15:00+05:30,22508.69921875,22516.349609375,22493.69921875,22494.849609375,0
2025-03-06 14:30:00+05:30,22494.650390625,22543.05078125,22491.150390625,22539.0,0
2025-03-06 14:45:00+05:30,22537.75,22554.849609375,22524.099609375,22546.05078125,0
2025-03-06 15:00:00+05:30,22546.44921875,22555.80078125,22531.75,22547.849609375,0
2025-03-06 15:15:00+05:30,22548.150390625,22553.349609375,22520.599609375,22529.19921875,0
2025-03-07 09:15:00+05:30,22509.05078125,22572.30078125,22467.099609375,22511.400390625,0
2025-03-07 09:30:00+05:30,22511.599609375,22563.75,22478.349609375,22497.30078125,0
2025-03-07 09:45:00+05:30,22497.099609375,22549.0,22470.80078125,22548.69921875,0
2025-03-07 10:00:00+05:30,22548.849609375,22606.05078125,22539.94921875,22605.69921875,0
2025-03-07 10:15:00+05:30,22607.94921875,22625.349609375,22577.80078125,22596.25,0
2025-03-07 10:30:00+05:30,22596.349609375,22605.599609375,22579.349609375,22591.099609375,0
2025-03-07 10:45:00+05:30,22591.0,22616.0,22568.19921875,22570.44921875,0
2025-03-07 11:00:00+05:30,22569.25,22619.80078125,22567.849609375,22615.19921875,0
2025-03-07 11:15:00+05:30,22614.05078125,22633.30078125,22599.900390625,22601.05078125,0
2025-03-07 11:30:00+05:30,22602.0,22612.099609375,22585.69921875,22599.099609375,0
2025-03-07 11:45:00+05:30,22599.30078125,22600.150390625,22548.25,22562.5,0
2025-03-07 12:00:00+05:30,22562.650390625,22564.5,22516.099609375,22526.849609375,0
2025-03-07 12:15:00+05:30,22526.30078125,22546.94921875,22509.05078125,22544.69921875,0
2025-03-07 12:30:00+05:30,22544.30078125,22583.30078125,22541.0,22577.0,0
2025-03-07 12:45:00+05:30,22576.69921875,22577.349609375,22533.44921875,22555.849609375,0
2025-03-07 13:00:00+05:30,22555.25,22556.25,22530.30078125,22539.19921875,0
2025-03-07 13:15:00+05:30,22539.650390625,22572.650390625,22539.30078125,22564.75,0
2025-03-07 13:30:00+05:30,22565.0,22576.0,22550.30078125,22568.349609375,0
2025-03-07 13:45:00+05:30,22567.150390625,22569.0,22522.69921875,22533.44921875,0
2025-03-07 14:00:00+05:30,22533.900390625,22545.30078125,22533.599609375,22540.900390625,0
2025-03-07 14:02:49+05:30,22543.19921875,22543.19921875,22543.19921875,22543.19921875,0
